SnapshotAt,Date,Sport,SportId,League,Home,Away,EventId,CanonicalId,StartUtc,HomeOdds,DrawOdds,AwayOdds,Source,PublicBase
2026-07-09T02:00:01+02:00,2026-07-09,football,1,World Cup 2026,France,Morocco,734097485,348197532,2026-07-09T20:00:00+00:00,1.6,4.085,6.86,1XBET_PUBLIC_LINEFEED,https://q1ayxwi7tuwrn.bar
2026-07-09T02:00:01+02:00,2026-07-09,football,1,UEFA Conference League,Atletic Club d'Escaldes,Mornar,734461536,348645538,2026-07-09T14:00:00+00:00,2.62,3.42,2.47,1XBET_PUBLIC_LINEFEED,https://q1ayxwi7tuwrn.bar
2026-07-09T02:00:01+02:00,2026-07-09,football,1,UEFA Conference League,Alashkert,Elimai,734464049,348571382,2026-07-09T16:00:00+00:00,2.14,3.125,3.495,1XBET_PUBLIC_LINEFEED,https://q1ayxwi7tuwrn.bar
2026-07-09T02:00:01+02:00,2026-07-09,football,1,UEFA Conference League,Dila Gori,Virtus,734462069,348645534,2026-07-09T16:00:00+00:00,1.117,7.6,19.0,1XBET_PUBLIC_LINEFEED,https://q1ayxwi7tuwrn.bar
2026-07-09T02:00:01+02:00,2026-07-09,football,1,UEFA Conference League,Hegelmann Litauen,Paide Linnameeskond,734458937,348645536,2026-07-09T16:00:00+00:00,2.35,3.32,2.892,1XBET_PUBLIC_LINEFEED,https://q1ayxwi7tuwrn.bar
2026-07-09T02:00:01+02:00,2026-07-09,football,1,UEFA Conference League,Liepaja,Decic,734460884,348645532,2026-07-09T16:00:00+00:00,1.68,3.66,4.865,1XBET_PUBLIC_LINEFEED,https://q1ayxwi7tuwrn.bar
2026-07-09T02:00:01+02:00,2026-07-09,football,1,UEFA Conference League,Nomme Kalju,Linfield,734462072,348650978,2026-07-09T16:00:00+00:00,1.97,3.48,3.585,1XBET_PUBLIC_LINEFEED,https://q1ayxwi7tuwrn.bar
2026-07-09T02:00:01+02:00,2026-07-09,football,1,UEFA Conference League,Bohemian Dublin,St Joseph's,734463457,348650980,2026-07-09T17:00:00+00:00,1.123,7.5,18.0,1XBET_PUBLIC_LINEFEED,https://q1ayxwi7tuwrn.bar
2026-07-09T02:00:01+02:00,2026-07-09,football,1,UEFA Conference League,Dinamo Minsk,Sileks,734463047,348650982,2026-07-09T17:00:00+00:00,1.54,3.7,6.48,1XBET_PUBLIC_LINEFEED,https://q1ayxwi7tuwrn.bar
2026-07-09T02:00:01+02:00,2026-07-09,football,1,UEFA Conference League,Marsaxlokk,Pyunik,734465619,348650984,2026-07-09T17:00:00+00:00,4.095,3.38,1.88,1XBET_PUBLIC_LINEFEED,https://q1ayxwi7tuwrn.bar
2026-07-09T02:00:01+02:00,2026-07-09,football,1,UEFA Conference League,Velez Mostar,Milsami,734461530,348456700,2026-07-09T17:00:00+00:00,1.81,3.25,4.69,1XBET_PUBLIC_LINEFEED,https://q1ayxwi7tuwrn.bar
2026-07-09T02:00:01+02:00,2026-07-09,football,1,UEFA Conference League,Mondorf-les-Bains,Dinamo Tbilisi,734465616,348662142,2026-07-09T17:15:00+00:00,4.775,3.62,1.7,1XBET_PUBLIC_LINEFEED,https://q1ayxwi7tuwrn.bar
2026-07-09T02:00:01+02:00,2026-07-09,football,1,UEFA Conference League,Caernarfon Town,Levadia,734463454,348662162,2026-07-09T17:30:00+00:00,4.175,4.15,1.686,1XBET_PUBLIC_LINEFEED,https://q1ayxwi7tuwrn.bar
2026-07-09T02:00:01+02:00,2026-07-09,football,1,UEFA Conference League,Europa FC,Skendija,734466017,348662140,2026-07-09T17:30:00+00:00,5.8,3.98,1.54,1XBET_PUBLIC_LINEFEED,https://q1ayxwi7tuwrn.bar
2026-07-09T02:00:01+02:00,2026-07-09,football,1,UEFA Conference League,Vllaznia,Malisheva,734463460,348662164,2026-07-09T18:00:00+00:00,2.26,3.4,2.975,1XBET_PUBLIC_LINEFEED,https://q1ayxwi7tuwrn.bar
2026-07-09T02:00:01+02:00,2026-07-09,football,1,UEFA Conference League,Glentoran,Rigas Futbola skola,734466020,348662166,2026-07-09T18:30:00+00:00,4.52,3.94,1.67,1XBET_PUBLIC_LINEFEED,https://q1ayxwi7tuwrn.bar
2026-07-09T02:00:01+02:00,2026-07-09,football,1,UEFA Conference League,NSI Runavik,Hamrun Spartans,734464601,348662198,2026-07-09T18:45:00+00:00,2.24,3.52,2.915,1XBET_PUBLIC_LINEFEED,https://q1ayxwi7tuwrn.bar
2026-07-09T02:00:01+02:00,2026-07-09,football,1,UEFA Conference League,Pen-y-Bont,Santa Coloma,734466014,348662168,2026-07-09T18:45:00+00:00,2.725,3.65,2.31,1XBET_PUBLIC_LINEFEED,https://q1ayxwi7tuwrn.bar
2026-07-09T02:00:01+02:00,2026-07-09,football,1,UEFA Conference League,Petrovac,VMFD Zalgiris Vilnius,734464046,348662194,2026-07-09T18:45:00+00:00,3.175,3.3,2.2,1XBET_PUBLIC_LINEFEED,https://q1ayxwi7tuwrn.bar
2026-07-09T02:00:01+02:00,2026-07-09,football,1,UEFA Conference League,Dinamo City,Astana,734463463,348662196,2026-07-09T19:00:00+00:00,2.4,3.4,2.72,1XBET_PUBLIC_LINEFEED,https://q1ayxwi7tuwrn.bar
2026-07-09T02:00:01+02:00,2026-07-09,football,1,UEFA Conference League,Sarajevo,Inter Turku,734856155,349145254,2026-07-09T19:00:00+00:00,2.05,3.32,3.51,1XBET_PUBLIC_LINEFEED,https://q1ayxwi7tuwrn.bar
2026-07-09T02:00:01+02:00,2026-07-09,football,1,UEFA Conference League,Stjarnan,Vikingur Gota,734856635,349145256,2026-07-09T19:00:00+00:00,1.65,4.3,4.265,1XBET_PUBLIC_LINEFEED,https://q1ayxwi7tuwrn.bar
2026-07-09T02:00:01+02:00,2026-07-09,football,1,Club Friendlies,Jahn Regensburg,Unterhaching,734799782,349077090,2026-07-09T09:00:00+00:00,1.22,5.76,8.55,1XBET_PUBLIC_LINEFEED,https://q1ayxwi7tuwrn.bar
2026-07-09T02:00:01+02:00,2026-07-09,football,1,Club Friendlies,Karlsruher,SGV Freiberg,734805192,349083748,2026-07-09T09:00:00+00:00,1.26,5.68,7.0,1XBET_PUBLIC_LINEFEED,https://q1ayxwi7tuwrn.bar
2026-07-09T02:00:01+02:00,2026-07-09,football,1,UEFA Europa League,Qarabag,Vestri,734432014,348607928,2026-07-09T16:00:00+00:00,1.013,22.0,65.0,1XBET_PUBLIC_LINEFEED,https://q1ayxwi7tuwrn.bar
2026-07-09T02:00:01+02:00,2026-07-09,football,1,UEFA Europa League,Dynamo Kyiv,Universitatea Cluj,734276405,348415194,2026-07-09T17:00:00+00:00,1.48,4.3,6.26,1XBET_PUBLIC_LINEFEED,https://q1ayxwi7tuwrn.bar
2026-07-09T02:00:01+02:00,2026-07-09,football,1,UEFA Europa League,Sheriff Tiraspol,NK Aluminij,734434672,348607926,2026-07-09T17:00:00+00:00,1.41,4.2,8.25,1XBET_PUBLIC_LINEFEED,https://q1ayxwi7tuwrn.bar
2026-07-09T02:00:01+02:00,2026-07-09,football,1,UEFA Europa League,CSKA Sofia,Derry City,734237453,345363570,2026-07-09T18:00:00+00:00,1.24,5.65,12.0,1XBET_PUBLIC_LINEFEED,https://q1ayxwi7tuwrn.bar
2026-07-09T02:00:01+02:00,2026-07-09,football,1,UEFA Europa League,Hajduk Split,MSK Zilina,734434117,348607930,2026-07-09T18:00:00+00:00,1.4,4.6,7.38,1XBET_PUBLIC_LINEFEED,https://q1ayxwi7tuwrn.bar
2026-07-09T02:00:01+02:00,2026-07-09,football,1,UEFA Europa League,Vojvodina Novi Sad,Ferencvarosi,734236247,344716336,2026-07-09T18:00:00+00:00,2.91,3.35,2.35,1XBET_PUBLIC_LINEFEED,https://q1ayxwi7tuwrn.bar
2026-07-09T02:00:01+02:00,2026-07-09,football,1,Bolivia. Primera Division,Club Bamin Real Potosi,ABB,734721057,348982830,2026-07-09T00:00:00+00:00,1.664,4.03,4.54,1XBET_PUBLIC_LINEFEED,https://q1ayxwi7tuwrn.bar
2026-07-09T02:00:01+02:00,2026-07-09,football,1,USA. USL League Two,Houston,Houston Sur,734896014,349199366,2026-07-09T00:00:00+00:00,1.02,10.0,17.0,1XBET_PUBLIC_LINEFEED,https://q1ayxwi7tuwrn.bar
2026-07-09T02:00:01+02:00,2026-07-09,football,1,USA. USL League Two,Jackson Boom,Hattiesburg,734704825,348957264,2026-07-09T00:00:00+00:00,8.95,6.3,1.203,1XBET_PUBLIC_LINEFEED,https://q1ayxwi7tuwrn.bar
2026-07-09T02:00:01+02:00,2026-07-09,football,1,USA. USL League Two,Mississippi Brilla,Louisiana Krewe,734896374,349199352,2026-07-09T00:00:00+00:00,1.57,4.72,3.815,1XBET_PUBLIC_LINEFEED,https://q1ayxwi7tuwrn.bar
2026-07-09T02:00:01+02:00,2026-07-09,football,1,USA. USL League Two,Montgomery United,Columbus United,734896744,349199354,2026-07-09T00:00:00+00:00,2.649,4.13,2.04,1XBET_PUBLIC_LINEFEED,https://q1ayxwi7tuwrn.bar
2026-07-09T02:00:01+02:00,2026-07-09,football,1,USA. USL League Two,Project 51O,Marin Legends,734897256,349199350,2026-07-09T00:00:00+00:00,1.07,8.95,12.4,1XBET_PUBLIC_LINEFEED,https://q1ayxwi7tuwrn.bar
2026-07-09T02:00:01+02:00,2026-07-09,football,1,USA. USL League Two,River Light,Rockford Raptors,734901432,349209658,2026-07-09T00:00:00+00:00,1.43,5.15,4.64,1XBET_PUBLIC_LINEFEED,https://q1ayxwi7tuwrn.bar
2026-07-09T02:00:01+02:00,2026-07-09,football,1,USA. USL League Two,RKC Third Coast,Chicago Dutch Lions,734681484,348935632,2026-07-09T00:00:00+00:00,1.904,4.32,3.088,1XBET_PUBLIC_LINEFEED,https://q1ayxwi7tuwrn.bar
2026-07-09T02:00:01+02:00,2026-07-09,football,1,USA. USL League Two,Rochester Minnesota,St Croix Legends,734704831,348957262,2026-07-09T00:00:00+00:00,4.49,4.66,1.552,1XBET_PUBLIC_LINEFEED,https://q1ayxwi7tuwrn.bar
2026-07-09T02:00:01+02:00,2026-07-09,football,1,Brazil. Campeonato Rondoniense U20,Rolim de Moura U20,Ji-Parana U20,734931052,349245466,2026-07-09T00:30:00+00:00,3.14,3.6,2.02,1XBET_PUBLIC_LINEFEED,https://q1ayxwi7tuwrn.bar
2026-07-09T02:00:01+02:00,2026-07-09,football,1,USA. USL League Two,San Antonio Texas II,Twin City Toucans,734902860,349209656,2026-07-09T00:30:00+00:00,1.51,4.87,4.1,1XBET_PUBLIC_LINEFEED,https://q1ayxwi7tuwrn.bar
2026-07-09T02:00:01+02:00,2026-07-09,football,1,USA. USL League Two,West Texas,Lubbock Matadors,734903645,349209686,2026-07-09T00:30:00+00:00,1.75,4.06,3.42,1XBET_PUBLIC_LINEFEED,https://q1ayxwi7tuwrn.bar
2026-07-09T02:00:01+02:00,2026-07-09,football,1,Ecuador Cup,Independiente Juniors,Liga Deportiva Universitaria de Quito,734751258,349005586,2026-07-09T01:00:00+00:00,5.03,3.32,1.67,1XBET_PUBLIC_LINEFEED,https://q1ayxwi7tuwrn.bar
2026-07-09T02:00:01+02:00,2026-07-09,football,1,USA. USL League Two,City SC San Diego,AMSG,734681481,348935630,2026-07-09T01:00:00+00:00,1.46,4.55,5.07,1XBET_PUBLIC_LINEFEED,https://q1ayxwi7tuwrn.bar
2026-07-09T02:00:01+02:00,2026-07-09,football,1,USA. USL League Two,Laredo Heat,Academy GFI,734903963,349209662,2026-07-09T01:00:00+00:00,1.26,5.68,7.0,1XBET_PUBLIC_LINEFEED,https://q1ayxwi7tuwrn.bar
2026-07-09T02:00:01+02:00,2026-07-09,football,1,Canada. Ontario Premier League 3,North Mississauga II,Sigma Ontario II,734838407,349136886,2026-07-09T01:15:00+00:00,5.9,5.3,1.33,1XBET_PUBLIC_LINEFEED,https://q1ayxwi7tuwrn.bar
2026-07-09T02:00:01+02:00,2026-07-09,football,1,China Championship U20,Linyi Yihu U20,Lanzhou Longyuan Athletic U20,734662596,348909058,2026-07-09T01:30:00+00:00,2.54,4.05,2.17,1XBET_PUBLIC_LINEFEED,https://q1ayxwi7tuwrn.bar
2026-07-09T02:00:01+02:00,2026-07-09,tennis,4,Wimbledon. Doubles,Arevalo-Gonzalez/Pavic,Krawietz/Puetz,734989716,349269868,2026-07-09T12:00:00+00:00,1.512,,2.483,1XBET_PUBLIC_LINEFEED,https://q1ayxwi7tuwrn.bar
2026-07-09T02:00:01+02:00,2026-07-09,tennis,4,Wimbledon. Women. Doubles,Siniakova/Townsend,Guo/Mladenovic,734985688,349153592,2026-07-09T10:00:00+00:00,1.052,,8.85,1XBET_PUBLIC_LINEFEED,https://q1ayxwi7tuwrn.bar
2026-07-09T02:00:01+02:00,2026-07-09,tennis,4,Wimbledon. Women. Doubles,Neel/Olmos,Xu/Jiang,734758975,349030630,2026-07-09T11:30:00+00:00,1.748,,2.034,1XBET_PUBLIC_LINEFEED,https://q1ayxwi7tuwrn.bar
2026-07-09T02:00:01+02:00,2026-07-09,tennis,4,WTA. Bastad,Simona Waltert,Leyre Romero Gormaz,734936102,349226170,2026-07-09T09:00:00+00:00,1.47,,2.504,1XBET_PUBLIC_LINEFEED,https://q1ayxwi7tuwrn.bar
2026-07-09T02:00:01+02:00,2026-07-09,tennis,4,WTA. Bastad,Irene Burillo,Kaitlin Quevedo,735021435,349320962,2026-07-09T10:30:00+00:00,5.25,,1.115,1XBET_PUBLIC_LINEFEED,https://q1ayxwi7tuwrn.bar
2026-07-09T02:00:01+02:00,2026-07-09,tennis,4,WTA. Bastad,Paula Badosa Gibert,Varvara Lepchenko,734936101,349226172,2026-07-09T12:00:00+00:00,1.129,,4.95,1XBET_PUBLIC_LINEFEED,https://q1ayxwi7tuwrn.bar
2026-07-09T02:00:01+02:00,2026-07-09,tennis,4,WTA. Contrexeville,Jeline Vandromme,Oksana Selekhmeteva,734792979,349025720,2026-07-09T09:00:00+00:00,2.474,,1.48,1XBET_PUBLIC_LINEFEED,https://q1ayxwi7tuwrn.bar
2026-07-09T02:00:01+02:00,2026-07-09,tennis,4,WTA. Contrexeville,Clara Burel,Alicia Herrero Linana,734792981,349025710,2026-07-09T10:30:00+00:00,1.22,,3.84,1XBET_PUBLIC_LINEFEED,https://q1ayxwi7tuwrn.bar
2026-07-09T02:00:01+02:00,2026-07-09,tennis,4,WTA. Contrexeville,Lisa Pigato,Aurora Zantedeschi,734833529,349025712,2026-07-09T12:00:00+00:00,1.42,,2.655,1XBET_PUBLIC_LINEFEED,https://q1ayxwi7tuwrn.bar
2026-07-09T02:00:01+02:00,2026-07-09,tennis,4,World Tennis. Laval. Doubles,George/Horwood,Ion/Ciocanu,735014746,349155722,2026-07-09T00:02:00+00:00,1.22,,3.84,1XBET_PUBLIC_LINEFEED,https://q1ayxwi7tuwrn.bar
2026-07-09T02:00:01+02:00,2026-07-09,tennis,4,Challenger. Newport,Stefan Kozlov,Yibing Wu,734843762,349136312,2026-07-09T00:25:00+00:00,3.84,,1.22,1XBET_PUBLIC_LINEFEED,https://q1ayxwi7tuwrn.bar
2026-07-09T02:00:01+02:00,2026-07-09,tennis,4,World Tennis. Tokyo,Kokoro Isomura,Shintaro Imai,734920001,349191292,2026-07-09T01:00:00+00:00,2.594,,1.44,1XBET_PUBLIC_LINEFEED,https://q1ayxwi7tuwrn.bar
2026-07-09T02:00:01+02:00,2026-07-09,tennis,4,World Tennis. Tokyo,Makoto Ochi,Kasidit Samrej,734919995,349187846,2026-07-09T01:00:00+00:00,5.4,,1.109,1XBET_PUBLIC_LINEFEED,https://q1ayxwi7tuwrn.bar
2026-07-09T02:00:01+02:00,2026-07-09,tennis,4,World Tennis. Tokyo,Taiyo Yamanaka,Hikaru Shiraishi,734919997,349187654,2026-07-09T01:00:00+00:00,3.21,,1.3,1XBET_PUBLIC_LINEFEED,https://q1ayxwi7tuwrn.bar
2026-07-09T02:00:01+02:00,2026-07-09,tennis,4,World Tennis. Tokyo,Yusuke Takahashi,Omar Jasika,734919999,349187844,2026-07-09T01:00:00+00:00,1.99,,1.71,1XBET_PUBLIC_LINEFEED,https://q1ayxwi7tuwrn.bar
2026-07-09T02:00:01+02:00,2026-07-09,tennis,4,World Tennis. Luan. Women,Alina Tikhonova,Junhan Zhang,734932394,349190478,2026-07-09T02:00:00+00:00,1.32,,3.09,1XBET_PUBLIC_LINEFEED,https://q1ayxwi7tuwrn.bar
2026-07-09T02:00:01+02:00,2026-07-09,tennis,4,World Tennis. Luan. Women,JiaYi Wang,Shihomi Li Xuan Leong,734932395,349190486,2026-07-09T02:00:00+00:00,1.088,,5.95,1XBET_PUBLIC_LINEFEED,https://q1ayxwi7tuwrn.bar
2026-07-09T02:00:01+02:00,2026-07-09,tennis,4,World Tennis. Luan. Women,Ma RuoXi,Maria Kalyakina,734932397,349229608,2026-07-09T02:00:00+00:00,4.245,,1.183,1XBET_PUBLIC_LINEFEED,https://q1ayxwi7tuwrn.bar
2026-07-09T02:00:01+02:00,2026-07-09,tennis,4,World Tennis. Luan. Women,Yingqun Sun,Maralgoo Chogsomjav,734932396,349229588,2026-07-09T02:00:00+00:00,1.194,,4.14,1XBET_PUBLIC_LINEFEED,https://q1ayxwi7tuwrn.bar
2026-07-09T02:00:01+02:00,2026-07-09,tennis,4,UTR Pro Tennis Series. Phan Thiet,Diordan Macababbad,Jack Bruce-Smith,734902745,349206266,2026-07-09T02:05:00+00:00,2.674,,1.391,1XBET_PUBLIC_LINEFEED,https://q1ayxwi7tuwrn.bar
2026-07-09T02:00:01+02:00,2026-07-09,tennis,4,UTR Pro Tennis Series. Phan Thiet,Imran Daniel Abdul Hazli,Corban Crowther,734905282,349209732,2026-07-09T02:05:00+00:00,2.008,,1.681,1XBET_PUBLIC_LINEFEED,https://q1ayxwi7tuwrn.bar
2026-07-09T02:00:01+02:00,2026-07-09,tennis,4,World Tennis. Tokyo,Yuki Mochizuki,Ryota Tanuma,734936781,349188054,2026-07-09T02:30:00+00:00,1.95,,1.74,1XBET_PUBLIC_LINEFEED,https://q1ayxwi7tuwrn.bar
2026-07-09T02:00:01+02:00,2026-07-09,tennis,4,UTR Pro Tennis Series. Phan Thiet,Thanh Minh Truong,Aryan Jit Singh,734905281,349209734,2026-07-09T02:35:00+00:00,1.782,,1.881,1XBET_PUBLIC_LINEFEED,https://q1ayxwi7tuwrn.bar
2026-07-09T02:00:01+02:00,2026-07-09,tennis,4,World Tennis. Tokyo,Koki Matsuda,Ryuki Matsuda,734937829,349187848,2026-07-09T02:35:00+00:00,1.44,,2.594,1XBET_PUBLIC_LINEFEED,https://q1ayxwi7tuwrn.bar
2026-07-09T02:00:01+02:00,2026-07-09,tennis,4,World Tennis. Tokyo,Matthew Dellavedova,Yusuke Kusuhara,734937831,349191300,2026-07-09T02:35:00+00:00,1.066,,6.7,1XBET_PUBLIC_LINEFEED,https://q1ayxwi7tuwrn.bar
2026-07-09T02:00:01+02:00,2026-07-09,tennis,4,World Tennis. Tokyo,Naoya Honda,Naoki Nakagawa,734937833,349187850,2026-07-09T02:35:00+00:00,1.71,,1.99,1XBET_PUBLIC_LINEFEED,https://q1ayxwi7tuwrn.bar
2026-07-09T02:00:01+02:00,2026-07-09,tennis,4,UTR Pro Tennis Series. Phan Thiet,Eita Suzuki,Dai Khanh Nguyen,734943504,349251864,2026-07-09T03:35:00+00:00,1.83,,1.83,1XBET_PUBLIC_LINEFEED,https://q1ayxwi7tuwrn.bar
2026-07-09T02:00:01+02:00,2026-07-09,tennis,4,UTR Pro Tennis Series. Phan Thiet,Ha Minh Duc Vu,Taichi Wakamatsu,734943503,349251860,2026-07-09T03:35:00+00:00,1.83,,1.83,1XBET_PUBLIC_LINEFEED,https://q1ayxwi7tuwrn.bar
2026-07-09T02:00:01+02:00,2026-07-09,tennis,4,World Tennis. Luan. Women,Anna Snigireva,Xinyi Nong,734950575,349229592,2026-07-09T03:35:00+00:00,1.26,,3.485,1XBET_PUBLIC_LINEFEED,https://q1ayxwi7tuwrn.bar
2026-07-09T02:00:01+02:00,2026-07-09,tennis,4,World Tennis. Luan. Women,Cheuk Ying Shek,Meiling Wang,734950571,349229590,2026-07-09T03:35:00+00:00,2.215,,1.59,1XBET_PUBLIC_LINEFEED,https://q1ayxwi7tuwrn.bar
2026-07-09T02:00:01+02:00,2026-07-09,tennis,4,World Tennis. Luan. Women,Seo Yun Choi,Ikumi Yamazaki,734950573,349229596,2026-07-09T03:35:00+00:00,2.773,,1.39,1XBET_PUBLIC_LINEFEED,https://q1ayxwi7tuwrn.bar
2026-07-09T02:00:01+02:00,2026-07-09,tennis,4,UTR Pro Tennis Series. Phan Thiet,Rodion Malmygin,Deep Munim,734921789,349227218,2026-07-09T04:05:00+00:00,3.705,,1.215,1XBET_PUBLIC_LINEFEED,https://q1ayxwi7tuwrn.bar
2026-07-09T02:00:01+02:00,2026-07-09,tennis,4,World Tennis. Astana. Women,Anna Sedysheva,Kristina Kroitor,734968420,349190480,2026-07-09T04:30:00+00:00,9.3,,1.02,1XBET_PUBLIC_LINEFEED,https://q1ayxwi7tuwrn.bar
2026-07-09T02:00:01+02:00,2026-07-09,tennis,4,World Tennis. Astana. Women,Edda Mamedova,Gaeul Jang,734968417,349230206,2026-07-09T04:30:00+00:00,1.71,,1.99,1XBET_PUBLIC_LINEFEED,https://q1ayxwi7tuwrn.bar
2026-07-09T02:00:01+02:00,2026-07-09,tennis,4,World Tennis. Astana. Women,Ekaterina Tupitsyna,Aiya Nupbay,734968424,349257452,2026-07-09T04:30:00+00:00,1.005,,10.7,1XBET_PUBLIC_LINEFEED,https://q1ayxwi7tuwrn.bar
2026-07-09T02:00:01+02:00,2026-07-09,tennis,4,World Tennis. Astana. Women,Maria Sholokhova,Sera Nishimoto,734968418,349217842,2026-07-09T04:30:00+00:00,1.073,,6.45,1XBET_PUBLIC_LINEFEED,https://q1ayxwi7tuwrn.bar
2026-07-09T02:00:01+02:00,2026-07-09,tennis,4,World Tennis. Astana. Women,Shruti Ahlawat,Ekaterina Maklakova,734968422,349217636,2026-07-09T04:30:00+00:00,2.853,,1.37,1XBET_PUBLIC_LINEFEED,https://q1ayxwi7tuwrn.bar
2026-07-09T02:00:01+02:00,2026-07-09,tennis,4,World Tennis. Luan. Women. Doubles,Kikawada/Kosaka,Cai/Cao,734834871,349127150,2026-07-09T05:00:00+00:00,1.727,,2.0,1XBET_PUBLIC_LINEFEED,https://q1ayxwi7tuwrn.bar
2026-07-09T02:00:01+02:00,2026-07-09,tennis,4,World Tennis. Luan. Women. Doubles,Liu/Ohwaki,Desvignes/Thamchaiwat,734834873,349127158,2026-07-09T05:00:00+00:00,2.092,,1.687,1XBET_PUBLIC_LINEFEED,https://q1ayxwi7tuwrn.bar
2026-07-09T02:00:01+02:00,2026-07-09,tennis,4,World Tennis. Luan. Women. Doubles,Wang/Zheng,Lee/Choi,734834875,349127148,2026-07-09T05:00:00+00:00,1.833,,1.833,1XBET_PUBLIC_LINEFEED,https://q1ayxwi7tuwrn.bar
2026-07-09T02:00:01+02:00,2026-07-09,tennis,4,World Tennis. Tokyo. Doubles,Koyama/Suzuki,Ichikawa/Noguchi,734889196,349191772,2026-07-09T05:05:00+00:00,2.24,,1.591,1XBET_PUBLIC_LINEFEED,https://q1ayxwi7tuwrn.bar
2026-07-09T02:00:01+02:00,2026-07-09,tennis,4,World Tennis. Tokyo. Doubles,Oki/Yamanaka,Tajima/Shiraishi,734889200,349191866,2026-07-09T05:05:00+00:00,2.754,,1.41,1XBET_PUBLIC_LINEFEED,https://q1ayxwi7tuwrn.bar
2026-07-09T02:00:01+02:00,2026-07-09,tennis,4,World Tennis. Buzau. Women,Rositsa Dencheva,Ekaterina Kazionova,734986157,349285416,2026-07-09T06:00:00+00:00,1.32,,3.09,1XBET_PUBLIC_LINEFEED,https://q1ayxwi7tuwrn.bar
2026-07-09T02:00:01+02:00,2026-07-09,tennis,4,World Tennis. Buzau. Women,Victoria Bosio,Maria Golovina,734986158,349244610,2026-07-09T06:00:00+00:00,1.81,,1.87,1XBET_PUBLIC_LINEFEED,https://q1ayxwi7tuwrn.bar
2026-07-09T02:00:01+02:00,2026-07-09,tennis,4,World Tennis. Astana. Women,Eva Korysheva,Aruzhan Sagandikova,734979864,349217634,2026-07-09T06:05:00+00:00,3.09,,1.32,1XBET_PUBLIC_LINEFEED,https://q1ayxwi7tuwrn.bar
2026-07-09T02:00:01+02:00,2026-07-09,tennis,4,World Tennis. Astana. Women,Rinko Matsuda,Ingkar Dyussebay,734979866,349230204,2026-07-09T06:05:00+00:00,1.09,,5.9,1XBET_PUBLIC_LINEFEED,https://q1ayxwi7tuwrn.bar
2026-07-09T02:00:01+02:00,2026-07-09,tennis,4,World Tennis. Astana. Women,Zeel Desai,Kamonwan Yodpetch,734980413,349257450,2026-07-09T06:05:00+00:00,2.445,,1.49,1XBET_PUBLIC_LINEFEED,https://q1ayxwi7tuwrn.bar
2026-07-09T02:00:01+02:00,2026-07-09,tennis,4,World Tennis. Don Benito. Women,Ann Akasha Ceuca,Anastasia Bertacchi,734985691,349243910,2026-07-09T06:30:00+00:00,3.21,,1.3,1XBET_PUBLIC_LINEFEED,https://q1ayxwi7tuwrn.bar
2026-07-09T02:00:01+02:00,2026-07-09,tennis,4,World Tennis. Don Benito. Women,Lucia Ros Parres,Viktoria Hruncakova,734935204,349243916,2026-07-09T06:30:00+00:00,15.0,,1.01,1XBET_PUBLIC_LINEFEED,https://q1ayxwi7tuwrn.bar
2026-07-09T02:00:01+02:00,2026-07-09,tennis,4,World Tennis. Don Benito. Women,Noemi Maines,Victoria Allen,734985692,349243914,2026-07-09T06:30:00+00:00,3.25,,1.295,1XBET_PUBLIC_LINEFEED,https://q1ayxwi7tuwrn.bar
2026-07-09T02:00:01+02:00,2026-07-09,handball,8,Argentina Championship,SAG Polvorines,River Plate,735021772,349112362,2026-07-09T00:15:00+00:00,2.01,8.4,2.1,1XBET_PUBLIC_LINEFEED,https://q1ayxwi7tuwrn.bar
2026-07-09T02:00:01+02:00,2026-07-09,handball,8,Argentina Championship,SeDaLo,Dorrego,735021775,349112360,2026-07-09T00:15:00+00:00,2.09,8.5,2.01,1XBET_PUBLIC_LINEFEED,https://q1ayxwi7tuwrn.bar
2026-07-09T02:00:01+02:00,2026-07-09,handball,8,Argentina Championship. Women,Vicente Lopez (Women),Villa Modelo (Women),735021769,349124820,2026-07-09T00:15:00+00:00,1.046,17.5,12.2,1XBET_PUBLIC_LINEFEED,https://q1ayxwi7tuwrn.bar
2026-07-09T02:00:01+02:00,2026-07-09,handball,8,Argentina Championship,Colegio Ward,Ferro Carril Oeste,734993423,349307104,2026-07-09T00:30:00+00:00,3.565,8.5,1.43,1XBET_PUBLIC_LINEFEED,https://q1ayxwi7tuwrn.bar
2026-07-09T02:00:01+02:00,2026-07-09,handball,8,Argentina Championship,S.A.G. Lomas,Estudiantes de la Plata,735024111,349125764,2026-07-09T00:30:00+00:00,1.135,13.2,7.3,1XBET_PUBLIC_LINEFEED,https://q1ayxwi7tuwrn.bar
2026-07-09T02:00:01+02:00,2026-07-09,handball,8,European Handball Championship U20,Austria U20,Latvia U20,735012584,349319962,2026-07-09T09:00:00+00:00,1.044,18.5,12.2,1XBET_PUBLIC_LINEFEED,https://q1ayxwi7tuwrn.bar
2026-07-09T02:00:01+02:00,2026-07-09,handball,8,European Handball Championship U20,France U20,Greece U20,735024015,349347826,2026-07-09T09:00:00+00:00,1.001,60.0,65.0,1XBET_PUBLIC_LINEFEED,https://q1ayxwi7tuwrn.bar
2026-07-09T02:00:01+02:00,2026-07-09,handball,8,European Handball Championship U20,Israel U20,Bosnia and Herzegovina U20,735013020,349319960,2026-07-09T09:00:00+00:00,2.672,10.2,1.63,1XBET_PUBLIC_LINEFEED,https://q1ayxwi7tuwrn.bar
2026-07-09T02:00:01+02:00,2026-07-09,handball,8,European Handball Championship U20,Croatia U20,Republic of North Macedonia U20,735024017,349319974,2026-07-09T11:30:00+00:00,1.33,9.5,4.09,1XBET_PUBLIC_LINEFEED,https://q1ayxwi7tuwrn.bar
2026-07-09T02:00:01+02:00,2026-07-09,handball,8,European Handball Championship U20,Czech Republic U20,Poland U20,735024018,349319968,2026-07-09T11:30:00+00:00,1.62,8.5,2.728,1XBET_PUBLIC_LINEFEED,https://q1ayxwi7tuwrn.bar
2026-07-09T02:00:01+02:00,2026-07-09,handball,8,European Handball Championship U20,Faroe Islands U20,Turkey U20,735024019,349347824,2026-07-09T11:30:00+00:00,1.01,20.0,15.0,1XBET_PUBLIC_LINEFEED,https://q1ayxwi7tuwrn.bar
2026-07-09T02:00:01+02:00,2026-07-09,handball,8,European Handball Championship U20,Germany U20,Portugal U20,735024020,349319966,2026-07-09T14:00:00+00:00,1.23,10.0,5.15,1XBET_PUBLIC_LINEFEED,https://q1ayxwi7tuwrn.bar
2026-07-09T02:00:01+02:00,2026-07-09,handball,8,European Handball Championship U20,Iceland U20,Spain U20,735024021,349319964,2026-07-09T14:00:00+00:00,4.815,11.0,1.26,1XBET_PUBLIC_LINEFEED,https://q1ayxwi7tuwrn.bar
2026-07-09T02:00:01+02:00,2026-07-09,handball,8,European Handball Championship U20,Sweden U20,Romania U20,735024022,349347828,2026-07-09T14:00:00+00:00,1.01,20.0,15.0,1XBET_PUBLIC_LINEFEED,https://q1ayxwi7tuwrn.bar
2026-07-09T02:00:01+02:00,2026-07-09,handball,8,European Handball Championship U20,Denmark U20,Norway U20,735024023,349319972,2026-07-09T16:30:00+00:00,1.26,11.0,4.815,1XBET_PUBLIC_LINEFEED,https://q1ayxwi7tuwrn.bar
2026-07-09T02:00:01+02:00,2026-07-09,handball,8,European Handball Championship U20,Hungary U20,Slovenia U20,735024024,349319970,2026-07-09T16:30:00+00:00,2.0,8.5,2.05,1XBET_PUBLIC_LINEFEED,https://q1ayxwi7tuwrn.bar
2026-07-09T02:00:01+02:00,2026-07-09,handball,8,European Handball Championship U20,Serbia U20,Switzerland U20,735024025,349319976,2026-07-09T16:30:00+00:00,2.926,9.0,1.54,1XBET_PUBLIC_LINEFEED,https://q1ayxwi7tuwrn.bar
2026-07-09T02:00:01+02:00,2026-07-09,handball,8,Argentina Championship,Municipalidad de Vicente Lopez,Velez Sarsfield,735024026,349348260,2026-07-09T17:00:00+00:00,2.36,8.0,1.87,1XBET_PUBLIC_LINEFEED,https://q1ayxwi7tuwrn.bar
2026-07-09T02:00:01+02:00,2026-07-09,handball,8,Argentina Championship,N.S. de Lujan,San Fernando,734996354,349312718,2026-07-09T21:00:00+00:00,1.77,8.0,2.513,1XBET_PUBLIC_LINEFEED,https://q1ayxwi7tuwrn.bar
2026-07-09T02:00:01+02:00,2026-07-09,handball,8,Argentina Championship. Women,SAG Villa Ballester (Women),Argentinos Juniors (Women),734996355,349312720,2026-07-09T21:00:00+00:00,3.155,8.5,1.51,1XBET_PUBLIC_LINEFEED,https://q1ayxwi7tuwrn.bar
2026-07-09T02:00:01+02:00,2026-07-09,hockey,2,USA. UAHL,Thundercats,Militia+,734633990,348887084,2026-07-09T00:10:00+00:00,1.47,7.18,3.465,1XBET_PUBLIC_LINEFEED,https://q1ayxwi7tuwrn.bar
2026-07-09T02:00:01+02:00,2026-07-09,hockey,2,USA. UAHL,Koopas,Hawks+,734634391,348887088,2026-07-09T01:35:00+00:00,5.89,8.85,1.21,1XBET_PUBLIC_LINEFEED,https://q1ayxwi7tuwrn.bar
2026-07-09T02:00:01+02:00,2026-07-09,hockey,2,RHL,Meteor Nizhny Novgorod,Atlant Orel,734709644,348965260,2026-07-09T02:50:00+00:00,2.07,6.27,2.07,1XBET_PUBLIC_LINEFEED,https://q1ayxwi7tuwrn.bar
2026-07-09T02:00:01+02:00,2026-07-09,hockey,2,RHL,Atlant Orel,Elektronik Yaroslavl,734709643,348965258,2026-07-09T03:35:00+00:00,2.07,6.27,2.07,1XBET_PUBLIC_LINEFEED,https://q1ayxwi7tuwrn.bar
2026-07-09T02:00:01+02:00,2026-07-09,hockey,2,Tournament Magnitka Open,Stalnye Topory,Metkie Strelki,734896480,349197300,2026-07-09T04:00:00+00:00,2.2,4.8,2.25,1XBET_PUBLIC_LINEFEED,https://q1ayxwi7tuwrn.bar
2026-07-09T02:00:01+02:00,2026-07-09,hockey,2,RHL,Elektronik Yaroslavl,Meteor Nizhny Novgorod,734709639,348965264,2026-07-09T04:25:00+00:00,2.07,6.27,2.07,1XBET_PUBLIC_LINEFEED,https://q1ayxwi7tuwrn.bar
2026-07-09T02:00:01+02:00,2026-07-09,hockey,2,Dream League,Minsk Bisons (Amateur),Yaroslavl Rails (Amateur),734958451,349268448,2026-07-09T04:50:00+00:00,2.02,6.02,2.16,1XBET_PUBLIC_LINEFEED,https://q1ayxwi7tuwrn.bar
2026-07-09T02:00:01+02:00,2026-07-09,hockey,2,Tournament Magnitka Open,Svirepye Eji,Hitrye Lisy,734897700,349198518,2026-07-09T05:00:00+00:00,2.27,4.6,2.22,1XBET_PUBLIC_LINEFEED,https://q1ayxwi7tuwrn.bar
2026-07-09T02:00:01+02:00,2026-07-09,hockey,2,Dream League,Ufa Warriors (Amateur),Chelyabinsk Bears (Amateur),734958804,349268462,2026-07-09T05:55:00+00:00,2.02,6.17,2.15,1XBET_PUBLIC_LINEFEED,https://q1ayxwi7tuwrn.bar
2026-07-09T02:00:01+02:00,2026-07-09,hockey,2,Tournament Magnitka Open,Metkie Strelki,Svirepye Eji,734898279,349198520,2026-07-09T06:00:00+00:00,2.25,4.15,2.375,1XBET_PUBLIC_LINEFEED,https://q1ayxwi7tuwrn.bar
2026-07-09T02:00:01+02:00,2026-07-09,hockey,2,Tournament Magnitka Open,Hitrye Lisy,Stalnye Topory,734899212,349199712,2026-07-09T07:00:00+00:00,2.3,4.5,2.22,1XBET_PUBLIC_LINEFEED,https://q1ayxwi7tuwrn.bar
2026-07-09T02:00:01+02:00,2026-07-09,hockey,2,RHL,Medvedi Moscow,Rysi Kazan,734709651,348965262,2026-07-09T07:20:00+00:00,2.07,6.27,2.07,1XBET_PUBLIC_LINEFEED,https://q1ayxwi7tuwrn.bar
2026-07-09T02:00:01+02:00,2026-07-09,hockey,2,RHL,Rysi Kazan,Akuly Kaliningrad,734710188,348965412,2026-07-09T08:00:00+00:00,2.07,6.27,2.07,1XBET_PUBLIC_LINEFEED,https://q1ayxwi7tuwrn.bar
2026-07-09T02:00:01+02:00,2026-07-09,hockey,2,Tournament Magnitka Open,Stalnye Topory,Svirepye Eji,734899210,349199710,2026-07-09T08:00:00+00:00,2.2,4.85,2.24,1XBET_PUBLIC_LINEFEED,https://q1ayxwi7tuwrn.bar
2026-07-09T02:00:01+02:00,2026-07-09,hockey,2,Dream League,Moscow Stars (Amateur),Petersburg Lions (Amateur),734958802,349268412,2026-07-09T08:10:00+00:00,1.96,6.14,2.22,1XBET_PUBLIC_LINEFEED,https://q1ayxwi7tuwrn.bar
2026-07-09T02:00:01+02:00,2026-07-09,hockey,2,RHL,Akuly Kaliningrad,Medvedi Moscow,734710189,348965414,2026-07-09T08:50:00+00:00,2.07,6.27,2.07,1XBET_PUBLIC_LINEFEED,https://q1ayxwi7tuwrn.bar
2026-07-09T02:00:01+02:00,2026-07-09,hockey,2,Tournament Magnitka Open,Metkie Strelki,Hitrye Lisy,734899211,349199922,2026-07-09T09:00:00+00:00,2.33,4.4,2.22,1XBET_PUBLIC_LINEFEED,https://q1ayxwi7tuwrn.bar
2026-07-09T02:00:01+02:00,2026-07-09,hockey,2,Tournament Magnitka Open,1st teams,2nd teams,734898561,349200524,2026-07-09T04:00:00+00:00,1.83,12.0,2.2,1XBET_PUBLIC_LINEFEED,https://q1ayxwi7tuwrn.bar
2026-07-09T02:00:01+02:00,2026-07-09,hockey,2,Dream League,Cherepovets Diamonds (Amateur),Kazan Leopards (Amateur),734958803,349268450,2026-07-09T09:15:00+00:00,2.02,6.1,2.15,1XBET_PUBLIC_LINEFEED,https://q1ayxwi7tuwrn.bar
2026-07-09T02:00:01+02:00,2026-07-09,hockey,2,RHL,Tigry Tyumen,Energiya Yekaterinburg,734382389,348565602,2026-07-09T10:10:00+00:00,2.02,6.02,2.16,1XBET_PUBLIC_LINEFEED,https://q1ayxwi7tuwrn.bar
2026-07-09T02:00:01+02:00,2026-07-09,hockey,2,Dream League,Russia (Amateur),Finland (Amateur),734958807,349268440,2026-07-09T11:30:00+00:00,2.02,6.02,2.16,1XBET_PUBLIC_LINEFEED,https://q1ayxwi7tuwrn.bar
2026-07-09T02:00:01+02:00,2026-07-09,hockey,2,RHL,Reactor Khabarovsk,Sparta Krasnoyarsk,734382905,348565684,2026-07-09T11:40:00+00:00,2.02,6.02,2.16,1XBET_PUBLIC_LINEFEED,https://q1ayxwi7tuwrn.bar
2026-07-09T02:00:01+02:00,2026-07-09,hockey,2,RHL,Berkut Volgograd,Phoenix Tula,734380337,348565564,2026-07-09T11:50:00+00:00,2.15,6.17,2.02,1XBET_PUBLIC_LINEFEED,https://q1ayxwi7tuwrn.bar
2026-07-09T02:00:01+02:00,2026-07-09,hockey,2,RHL,Phoenix Tula,Titan Bryansk,734380338,348565682,2026-07-09T12:30:00+00:00,2.02,6.17,2.15,1XBET_PUBLIC_LINEFEED,https://q1ayxwi7tuwrn.bar
2026-07-09T02:00:01+02:00,2026-07-09,hockey,2,Dream League,Czech Republic (Amateur),Sweden (Amateur),734958808,349268438,2026-07-09T12:35:00+00:00,2.15,6.1,2.02,1XBET_PUBLIC_LINEFEED,https://q1ayxwi7tuwrn.bar
2026-07-09T02:00:01+02:00,2026-07-09,hockey,2,RHL,Dynamo Omsk,Sparta Krasnoyarsk,734382906,348565686,2026-07-09T13:10:00+00:00,2.16,6.02,2.02,1XBET_PUBLIC_LINEFEED,https://q1ayxwi7tuwrn.bar
2026-07-09T02:00:01+02:00,2026-07-09,hockey,2,RHL,Titan Bryansk,Berkut Volgograd,734380339,348565592,2026-07-09T13:20:00+00:00,2.15,6.17,2.02,1XBET_PUBLIC_LINEFEED,https://q1ayxwi7tuwrn.bar
2026-07-09T02:00:01+02:00,2026-07-09,hockey,2,RHL,Tigry Tyumen,Lvy Novosibirsk,734382907,348565690,2026-07-09T14:40:00+00:00,2.16,6.02,2.02,1XBET_PUBLIC_LINEFEED,https://q1ayxwi7tuwrn.bar
2026-07-09T02:00:01+02:00,2026-07-09,hockey,2,Dream League,Switzerland (Amateur),Canada (Amateur),734958805,349268424,2026-07-09T14:50:00+00:00,2.15,6.1,2.02,1XBET_PUBLIC_LINEFEED,https://q1ayxwi7tuwrn.bar
2026-07-09T02:00:01+02:00,2026-07-09,hockey,2,Dream League,USA (Amateur),Germany (Amateur),734958806,349268454,2026-07-09T15:55:00+00:00,2.15,6.17,2.02,1XBET_PUBLIC_LINEFEED,https://q1ayxwi7tuwrn.bar
2026-07-09T02:00:01+02:00,2026-07-09,hockey,2,RHL,Reactor Khabarovsk,Gornyak Chelyabinsk,734629097,348874446,2026-07-09T16:10:00+00:00,2.09,5.98,2.09,1XBET_PUBLIC_LINEFEED,https://q1ayxwi7tuwrn.bar
2026-07-09T02:00:01+02:00,2026-07-09,hockey,2,RHL,Raketa Magnitogorsk,Energiya Yekaterinburg,734629098,348874416,2026-07-09T17:40:00+00:00,2.09,5.98,2.09,1XBET_PUBLIC_LINEFEED,https://q1ayxwi7tuwrn.bar
2026-07-09T02:00:01+02:00,2026-07-09,hockey,2,RHL,Dynamo Omsk,Energiya Yekaterinburg,734629099,348874420,2026-07-09T19:10:00+00:00,2.09,5.98,2.09,1XBET_PUBLIC_LINEFEED,https://q1ayxwi7tuwrn.bar
2026-07-09T02:00:01+02:00,2026-07-09,hockey,2,RHL,Rysi Kazan,Neftyanik Veliky Novgorod,734627355,348874412,2026-07-09T19:10:00+00:00,2.07,6.4,2.07,1XBET_PUBLIC_LINEFEED,https://q1ayxwi7tuwrn.bar
2026-07-09T02:00:01+02:00,2026-07-09,hockey,2,RHL,Neftyanik Veliky Novgorod,Medvedi Moscow,734627356,348874422,2026-07-09T19:50:00+00:00,2.07,6.4,2.07,1XBET_PUBLIC_LINEFEED,https://q1ayxwi7tuwrn.bar
2026-07-09T02:00:01+02:00,2026-07-09,hockey,2,RHL,Reactor Khabarovsk,Tigry Tyumen,734629100,348874426,2026-07-09T20:40:00+00:00,2.09,5.98,2.09,1XBET_PUBLIC_LINEFEED,https://q1ayxwi7tuwrn.bar
2026-07-09T02:00:01+02:00,2026-07-09,tabletennis,10,Setka Cup,Mykyta Fomin,Dmitriy Kim,734775800,349030882,2026-07-09T00:05:00+00:00,2.02,,1.71,1XBET_PUBLIC_LINEFEED,https://q1ayxwi7tuwrn.bar
2026-07-09T02:00:01+02:00,2026-07-09,tabletennis,10,Pro League,Alexander Kitaytsev,Evgeniy Ilyukhin,734756562,349024316,2026-07-09T00:15:00+00:00,3.3,,1.295,1XBET_PUBLIC_LINEFEED,https://q1ayxwi7tuwrn.bar
2026-07-09T02:00:01+02:00,2026-07-09,tabletennis,10,Pro League,Vasily Shirshov,Oleg Zyuganov,734698883,348952766,2026-07-09T00:15:00+00:00,1.597,,2.142,1XBET_PUBLIC_LINEFEED,https://q1ayxwi7tuwrn.bar
2026-07-09T02:00:01+02:00,2026-07-09,tabletennis,10,Setka Cup,Valeriy Vlasenko,Oleksii Mitla,734775803,349030896,2026-07-09T00:15:00+00:00,1.93,,1.78,1XBET_PUBLIC_LINEFEED,https://q1ayxwi7tuwrn.bar
2026-07-09T02:00:01+02:00,2026-07-09,tabletennis,10,Setka Cup,Eduard Rubtcov,Alexander Mishchenko,734776677,349034708,2026-07-09T00:25:00+00:00,2.53,,1.47,1XBET_PUBLIC_LINEFEED,https://q1ayxwi7tuwrn.bar
2026-07-09T02:00:01+02:00,2026-07-09,tabletennis,10,Pro League,Oleg Popov,Oleg Barashkov,734933928,349241574,2026-07-09T00:30:00+00:00,1.26,,3.545,1XBET_PUBLIC_LINEFEED,https://q1ayxwi7tuwrn.bar
2026-07-09T02:00:01+02:00,2026-07-09,tabletennis,10,Pro League. Czech Republic,Jaroslav Prokupek,Pavel Fojt,734720573,348976688,2026-07-09T00:30:00+00:00,1.51,,2.42,1XBET_PUBLIC_LINEFEED,https://q1ayxwi7tuwrn.bar
2026-07-09T02:00:01+02:00,2026-07-09,tabletennis,10,Pro League. Czech Republic,Petr Sebera,Vladimir Cermak,734915544,349219196,2026-07-09T00:30:00+00:00,1.5,,2.449,1XBET_PUBLIC_LINEFEED,https://q1ayxwi7tuwrn.bar
2026-07-09T02:00:01+02:00,2026-07-09,tabletennis,10,Pro League. Czech Republic,Radek Bartunek,Petr Picek,734718541,348974388,2026-07-09T00:30:00+00:00,1.99,,1.73,1XBET_PUBLIC_LINEFEED,https://q1ayxwi7tuwrn.bar
2026-07-09T02:00:01+02:00,2026-07-09,tabletennis,10,Setka Cup,Yuriy Grekh,Miroslav Loboda,734776251,349029516,2026-07-09T00:30:00+00:00,2.085,,1.68,1XBET_PUBLIC_LINEFEED,https://q1ayxwi7tuwrn.bar
2026-07-09T02:00:01+02:00,2026-07-09,tabletennis,10,Setka Cup,Yaroslav Stepanchuk,Serhii Chuliukov,734880014,349157552,2026-07-09T00:33:00+00:00,1.7,,2.03,1XBET_PUBLIC_LINEFEED,https://q1ayxwi7tuwrn.bar
2026-07-09T02:00:01+02:00,2026-07-09,tabletennis,10,Setka Cup,Ruslan Lazebny,Oleh Napirko,734879987,349157532,2026-07-09T00:43:00+00:00,1.44,,2.628,1XBET_PUBLIC_LINEFEED,https://q1ayxwi7tuwrn.bar
2026-07-09T02:00:01+02:00,2026-07-09,tabletennis,10,Pro League,Dmitry Tikhnenko,Vladimir Gulnitsky,734756566,349024310,2026-07-09T00:45:00+00:00,3.14,,1.32,1XBET_PUBLIC_LINEFEED,https://q1ayxwi7tuwrn.bar
2026-07-09T02:00:01+02:00,2026-07-09,tabletennis,10,Pro League,Vitaly Bazilevsky,Nikita Lyfenko,734698888,348952756,2026-07-09T00:45:00+00:00,1.659,,2.039,1XBET_PUBLIC_LINEFEED,https://q1ayxwi7tuwrn.bar
2026-07-09T02:00:01+02:00,2026-07-09,tabletennis,10,Setka Cup,Aleksandr Kovalchuk V.,Sergiy Skachenko,734776242,349047240,2026-07-09T00:55:00+00:00,1.7,,2.03,1XBET_PUBLIC_LINEFEED,https://q1ayxwi7tuwrn.bar
2026-07-09T02:00:01+02:00,2026-07-09,tabletennis,10,Setka Cup. Moldova,Dmitry Kulagin,Christopher Iskander,734943087,349251672,2026-07-09T00:58:00+00:00,3.91,,1.22,1XBET_PUBLIC_LINEFEED,https://q1ayxwi7tuwrn.bar
2026-07-09T02:00:01+02:00,2026-07-09,tabletennis,10,Pro League,Valery Ayupov,Oleg Moshnikov,734723575,348985418,2026-07-09T01:00:00+00:00,1.38,,2.847,1XBET_PUBLIC_LINEFEED,https://q1ayxwi7tuwrn.bar
2026-07-09T02:00:01+02:00,2026-07-09,tabletennis,10,Pro League. Czech Republic,Jiri Plachy,Jiri Dedek,734720567,348976700,2026-07-09T01:00:00+00:00,1.62,,2.182,1XBET_PUBLIC_LINEFEED,https://q1ayxwi7tuwrn.bar
2026-07-09T02:00:01+02:00,2026-07-09,tabletennis,10,Pro League. Czech Republic,Ondrej Kucirek,Kyryl Darin,734718535,348974394,2026-07-09T01:00:00+00:00,2.24,,1.59,1XBET_PUBLIC_LINEFEED,https://q1ayxwi7tuwrn.bar
2026-07-09T02:00:01+02:00,2026-07-09,tabletennis,10,Pro League. Czech Republic,Ales Bayer,Karel Brozhik,734720049,348976112,2026-07-09T01:00:00+00:00,2.154,,1.635,1XBET_PUBLIC_LINEFEED,https://q1ayxwi7tuwrn.bar
2026-07-09T02:00:01+02:00,2026-07-09,tabletennis,10,Setka Cup,Gregory Kuzmenko,Yaroslav Vorsulyak,734776686,349029458,2026-07-09T01:00:00+00:00,1.46,,2.559,1XBET_PUBLIC_LINEFEED,https://q1ayxwi7tuwrn.bar
2026-07-09T02:00:01+02:00,2026-07-09,tabletennis,10,Setka Cup,Anton Yakovenko,Grigorii Kulishov,734776245,349031976,2026-07-09T01:05:00+00:00,2.375,,1.53,1XBET_PUBLIC_LINEFEED,https://q1ayxwi7tuwrn.bar
2026-07-09T02:00:01+02:00,2026-07-09,tabletennis,10,Pro League,Evgeniy Ilyukhin,Alexey Shershnev,734756558,349024314,2026-07-09T01:15:00+00:00,2.896,,1.37,1XBET_PUBLIC_LINEFEED,https://q1ayxwi7tuwrn.bar
2026-07-09T02:00:01+02:00,2026-07-09,tabletennis,10,Pro League,Oleg Zyuganov,Ivan Soldatov,734698892,348952760,2026-07-09T01:15:00+00:00,1.83,,1.83,1XBET_PUBLIC_LINEFEED,https://q1ayxwi7tuwrn.bar
2026-07-09T02:00:01+02:00,2026-07-09,tabletennis,10,Setka Cup,Valeriy Vlasenko,Mykyta Smyrnov,734776674,349030892,2026-07-09T01:15:00+00:00,2.154,,1.635,1XBET_PUBLIC_LINEFEED,https://q1ayxwi7tuwrn.bar
2026-07-09T02:00:01+02:00,2026-07-09,tabletennis,10,Setka Cup,Serhii Chelpanov,Vyacheslav Kovalenko,734878962,349074322,2026-07-09T01:25:00+00:00,1.72,,2.0,1XBET_PUBLIC_LINEFEED,https://q1ayxwi7tuwrn.bar
2026-07-09T02:00:01+02:00,2026-07-09,tabletennis,10,Setka Cup. Moldova,Nicolae Salaru,Dumitru Butnaru,734943078,349251670,2026-07-09T01:28:00+00:00,1.51,,2.42,1XBET_PUBLIC_LINEFEED,https://q1ayxwi7tuwrn.bar
2026-07-09T02:00:01+02:00,2026-07-09,tabletennis,10,Pro League. Czech Republic,Pavel Fojt,Petr Zmuda,734720564,348976696,2026-07-09T01:30:00+00:00,1.87,,1.833,1XBET_PUBLIC_LINEFEED,https://q1ayxwi7tuwrn.bar
2026-07-09T02:00:01+02:00,2026-07-09,tabletennis,10,Pro League. Czech Republic,Petr Picek,Alexander Mikuska,734718544,348974384,2026-07-09T01:30:00+00:00,4.185,,1.195,1XBET_PUBLIC_LINEFEED,https://q1ayxwi7tuwrn.bar
2026-07-09T02:00:01+02:00,2026-07-09,tabletennis,10,Pro League. Czech Republic,Vladimir Cermak,Martin Sopko,734720043,348976096,2026-07-09T01:30:00+00:00,1.82,,1.88,1XBET_PUBLIC_LINEFEED,https://q1ayxwi7tuwrn.bar
2026-07-09T02:00:01+02:00,2026-07-09,tabletennis,10,Setka Cup,Vitaly Krohmal,Viktor Slyozka,734775809,349029460,2026-07-09T01:30:00+00:00,2.075,,1.686,1XBET_PUBLIC_LINEFEED,https://q1ayxwi7tuwrn.bar
2026-07-09T02:00:01+02:00,2026-07-09,tabletennis,10,Setka Cup,Mykyta Fomin,Yaroslav Stepanchuk,734879990,349157554,2026-07-09T01:33:00+00:00,2.066,,1.69,1XBET_PUBLIC_LINEFEED,https://q1ayxwi7tuwrn.bar
2026-07-09T02:00:01+02:00,2026-07-09,tabletennis,10,Setka Cup,Eduard Rubtcov,Aleksandr Kovalchuk V.,734776260,349047234,2026-07-09T01:55:00+00:00,1.99,,1.727,1XBET_PUBLIC_LINEFEED,https://q1ayxwi7tuwrn.bar
2026-07-09T02:00:01+02:00,2026-07-09,tabletennis,10,Setka Cup. Moldova,Dmitry Kulagin,Nicolae Salaru,734943081,349251668,2026-07-09T01:58:00+00:00,1.49,,2.47,1XBET_PUBLIC_LINEFEED,https://q1ayxwi7tuwrn.bar
2026-07-09T02:00:01+02:00,2026-07-09,tabletennis,10,Pro League. Czech Republic,Ales Bayer,Petr Sebera,734933912,349240154,2026-07-09T02:00:00+00:00,2.24,,1.59,1XBET_PUBLIC_LINEFEED,https://q1ayxwi7tuwrn.bar
2026-07-09T02:00:01+02:00,2026-07-09,tabletennis,10,Pro League. Czech Republic,Jiri Plachy,Jaroslav Prokupek,734720561,348976734,2026-07-09T02:00:00+00:00,1.85,,1.85,1XBET_PUBLIC_LINEFEED,https://q1ayxwi7tuwrn.bar
2026-07-09T02:00:01+02:00,2026-07-09,tabletennis,10,Pro League. Czech Republic,Ondrej Kucirek,Radek Bartunek,734718547,348974392,2026-07-09T02:00:00+00:00,2.628,,1.44,1XBET_PUBLIC_LINEFEED,https://q1ayxwi7tuwrn.bar
2026-07-09T02:00:01+02:00,2026-07-09,tabletennis,10,Setka Cup,Yuriy Grekh,Gregory Kuzmenko,734776263,349029466,2026-07-09T02:00:00+00:00,2.066,,1.69,1XBET_PUBLIC_LINEFEED,https://q1ayxwi7tuwrn.bar
2026-07-09T02:00:01+02:00,2026-07-09,tabletennis,10,Setka Cup,Anton Yakovenko,Dmitriy Kim,734776248,349031980,2026-07-09T02:05:00+00:00,2.24,,1.59,1XBET_PUBLIC_LINEFEED,https://q1ayxwi7tuwrn.bar
2026-07-09T02:00:01+02:00,2026-07-09,tabletennis,10,Setka Cup,Ruslan Lazebny,Valeriy Vlasenko,734880011,349157530,2026-07-09T02:13:00+00:00,1.46,,2.559,1XBET_PUBLIC_LINEFEED,https://q1ayxwi7tuwrn.bar
2026-07-09T02:00:01+02:00,2026-07-09,tabletennis,10,Setka Cup,Serhii Chelpanov,Alexander Mishchenko,734776704,349034702,2026-07-09T02:25:00+00:00,1.833,,1.87,1XBET_PUBLIC_LINEFEED,https://q1ayxwi7tuwrn.bar
2026-07-09T02:00:01+02:00,2026-07-09,tabletennis,10,Pro League. Czech Republic,Alexander Mikuska,Kyryl Darin,734718532,348974414,2026-07-09T02:30:00+00:00,1.35,,2.986,1XBET_PUBLIC_LINEFEED,https://q1ayxwi7tuwrn.bar
2026-07-09T02:00:01+02:00,2026-07-09,tabletennis,10,Pro League. Czech Republic,Petr Zmuda,Jiri Dedek,734720558,348976702,2026-07-09T02:30:00+00:00,1.9,,1.8,1XBET_PUBLIC_LINEFEED,https://q1ayxwi7tuwrn.bar
2026-07-09T02:00:01+02:00,2026-07-09,tabletennis,10,Pro League. Czech Republic,Martin Sopko,Karel Brozhik,734720052,348976114,2026-07-09T02:30:00+00:00,1.98,,1.74,1XBET_PUBLIC_LINEFEED,https://q1ayxwi7tuwrn.bar
2026-07-09T02:00:01+02:00,2026-07-09,tabletennis,10,Setka Cup,Miroslav Loboda,Viktor Slyozka,734776266,349029464,2026-07-09T02:30:00+00:00,1.87,,1.83,1XBET_PUBLIC_LINEFEED,https://q1ayxwi7tuwrn.bar
2026-07-09T02:00:01+02:00,2026-07-09,tabletennis,10,Setka Cup,Serhii Chuliukov,Grigorii Kulishov,734775022,349031978,2026-07-09T02:35:00+00:00,2.134,,1.65,1XBET_PUBLIC_LINEFEED,https://q1ayxwi7tuwrn.bar
2026-07-09T02:00:01+02:00,2026-07-09,tabletennis,10,Setka Cup,Oleh Napirko,Oleksii Mitla,734776254,349030894,2026-07-09T02:45:00+00:00,1.44,,2.628,1XBET_PUBLIC_LINEFEED,https://q1ayxwi7tuwrn.bar
2026-07-09T02:00:01+02:00,2026-07-09,tabletennis,10,Masters. Russia,Anton Oleksyuk,Pavel Khripunenko,734895513,349207198,2026-07-09T02:50:00+00:00,1.63,,2.241,1XBET_PUBLIC_LINEFEED,https://q1ayxwi7tuwrn.bar
2026-07-09T02:00:01+02:00,2026-07-09,tabletennis,10,Masters. Russia,Daniil Bukreev,Yaroslav Chuev,734903953,349207508,2026-07-09T02:50:00+00:00,2.507,,1.51,1XBET_PUBLIC_LINEFEED,https://q1ayxwi7tuwrn.bar
2026-07-09T02:00:01+02:00,2026-07-09,tabletennis,10,Setka Cup,Sergiy Skachenko,Vyacheslav Kovalenko,734878959,349074324,2026-07-09T02:55:00+00:00,2.42,,1.51,1XBET_PUBLIC_LINEFEED,https://q1ayxwi7tuwrn.bar
2026-07-09T02:00:01+02:00,2026-07-09,volleyball,6,FIVB Nations League. Women,USA (Women),Poland (Women),734996220,349309514,2026-07-09T04:00:00+00:00,1.25,,3.615,1XBET_PUBLIC_LINEFEED,https://q1ayxwi7tuwrn.bar
2026-07-09T02:00:01+02:00,2026-07-09,volleyball,6,FIVB Nations League. Women,Belgium (Women),Canada (Women),734996237,349309520,2026-07-09T09:00:00+00:00,4.475,,1.173,1XBET_PUBLIC_LINEFEED,https://q1ayxwi7tuwrn.bar
2026-07-09T02:00:01+02:00,2026-07-09,volleyball,6,FIVB Nations League. Women,Japan (Women),Thailand (Women),734996216,349309510,2026-07-09T10:20:00+00:00,1.095,,5.9,1XBET_PUBLIC_LINEFEED,https://q1ayxwi7tuwrn.bar
2026-07-09T02:00:01+02:00,2026-07-09,volleyball,6,Costa Rica Championship. Women,ASOVOL Belen (Women),UCR (Women),735023095,349234668,2026-07-09T00:25:00+00:00,2.641,,1.4,1XBET_PUBLIC_LINEFEED,https://q1ayxwi7tuwrn.bar
2026-07-09T02:00:01+02:00,2026-07-09,volleyball,6,Argentina. Liga de Honor,Ferro Carril Oeste,River Plate,735023106,349253788,2026-07-09T00:30:00+00:00,2.157,,1.59,1XBET_PUBLIC_LINEFEED,https://q1ayxwi7tuwrn.bar
2026-07-09T02:00:01+02:00,2026-07-09,volleyball,6,Nicaragua Championship. Women,UAM Jaguares (Women),Panteras de Managua (Women),735027935,349233450,2026-07-09T01:00:00+00:00,1.43,,2.54,1XBET_PUBLIC_LINEFEED,https://q1ayxwi7tuwrn.bar
2026-07-09T02:00:01+02:00,2026-07-09,volleyball,6,Costa Rica Championship,ASOVOL Belen,UCR,734929345,349235636,2026-07-09T02:00:00+00:00,1.098,,5.49,1XBET_PUBLIC_LINEFEED,https://q1ayxwi7tuwrn.bar
2026-07-09T02:00:01+02:00,2026-07-09,volleyball,6,UPVL. Nations League. Women,Austria Pro (Women),Finland Pro (Women),734449568,348648628,2026-07-09T03:10:00+00:00,1.93,,1.81,1XBET_PUBLIC_LINEFEED,https://q1ayxwi7tuwrn.bar
2026-07-09T02:00:01+02:00,2026-07-09,volleyball,6,Belarus. Liga Pro 4x4,Varyagi-Pro (4x4),Thayfun-Pro (4x4),734953912,349264180,2026-07-09T03:40:00+00:00,1.75,,1.95,1XBET_PUBLIC_LINEFEED,https://q1ayxwi7tuwrn.bar
2026-07-09T02:00:01+02:00,2026-07-09,volleyball,6,Orange Cup,Yenisei (4x4),Kuzbass (4x4),734892470,349208498,2026-07-09T04:00:00+00:00,2.08,,1.7,1XBET_PUBLIC_LINEFEED,https://q1ayxwi7tuwrn.bar
2026-07-09T02:00:01+02:00,2026-07-09,volleyball,6,UPVL. Nations League. Women,Sweden Pro (Women),Austria Pro (Women),734449921,348648632,2026-07-09T04:10:00+00:00,1.77,,1.98,1XBET_PUBLIC_LINEFEED,https://q1ayxwi7tuwrn.bar
2026-07-09T02:00:01+02:00,2026-07-09,volleyball,6,Belarus. Liga Pro,Enerdzhi-Pro,Lions-Pro,735032083,349262402,2026-07-09T04:25:00+00:00,1.74,,1.93,1XBET_PUBLIC_LINEFEED,https://q1ayxwi7tuwrn.bar
2026-07-09T02:00:01+02:00,2026-07-09,volleyball,6,Russia. League Pro. Women,Malahit-Pro (Women),Saphire-Pro (Women),734872594,349172900,2026-07-09T05:10:00+00:00,1.83,,1.83,1XBET_PUBLIC_LINEFEED,https://q1ayxwi7tuwrn.bar
2026-07-09T02:00:01+02:00,2026-07-09,volleyball,6,UPVL. Nations League. Women,Finland Pro (Women),Sweden Pro (Women),734449922,348648646,2026-07-09T05:15:00+00:00,1.96,,1.78,1XBET_PUBLIC_LINEFEED,https://q1ayxwi7tuwrn.bar
2026-07-09T02:00:01+02:00,2026-07-09,volleyball,6,Belarus. Liga Pro,Phoenix-Pro,Berkut-Pro,735033642,349262404,2026-07-09T05:55:00+00:00,1.83,,1.83,1XBET_PUBLIC_LINEFEED,https://q1ayxwi7tuwrn.bar
2026-07-09T02:00:01+02:00,2026-07-09,volleyball,6,Orange Cup,Neftika (4x4),Legion (4x4),734892471,349208502,2026-07-09T06:00:00+00:00,2.08,,1.7,1XBET_PUBLIC_LINEFEED,https://q1ayxwi7tuwrn.bar
2026-07-09T02:00:01+02:00,2026-07-09,volleyball,6,Russia. League Pro. Women,Malahit-Pro (Women),Granat-Pro (Women),734872596,349172898,2026-07-09T06:55:00+00:00,1.83,,1.83,1XBET_PUBLIC_LINEFEED,https://q1ayxwi7tuwrn.bar
2026-07-09T02:00:01+02:00,2026-07-09,volleyball,6,Belarus. Liga Pro,Orly-Pro,Molot-Pro,735033640,349262760,2026-07-09T07:45:00+00:00,1.73,,1.94,1XBET_PUBLIC_LINEFEED,https://q1ayxwi7tuwrn.bar
2026-07-09T02:00:01+02:00,2026-07-09,volleyball,6,Orange Cup,Thayfun (4x4),Impuls (4x4),734892472,349208490,2026-07-09T08:00:00+00:00,1.7,,2.08,1XBET_PUBLIC_LINEFEED,https://q1ayxwi7tuwrn.bar
2026-07-09T02:00:01+02:00,2026-07-09,volleyball,6,Belarus. Liga Pro,Plamya-Pro,Vityaz-Pro,735033644,349262762,2026-07-09T09:15:00+00:00,1.74,,1.93,1XBET_PUBLIC_LINEFEED,https://q1ayxwi7tuwrn.bar
2026-07-09T02:00:01+02:00,2026-07-09,volleyball,6,Orange Cup,Dinamo (4x4),Stroitel (4x4),734892473,349208520,2026-07-09T10:00:00+00:00,2.08,,1.7,1XBET_PUBLIC_LINEFEED,https://q1ayxwi7tuwrn.bar
2026-07-09T02:00:01+02:00,2026-07-09,volleyball,6,UPVL. Nations League,Germany (Pro),Spain (Pro),734449917,348648650,2026-07-09T10:40:00+00:00,1.73,,2.03,1XBET_PUBLIC_LINEFEED,https://q1ayxwi7tuwrn.bar
2026-07-09T02:00:01+02:00,2026-07-09,volleyball,6,Belarus. Liga Pro,Imperiya-Pro,Legion-Pro,735032085,349262400,2026-07-09T10:55:00+00:00,1.81,,1.85,1XBET_PUBLIC_LINEFEED,https://q1ayxwi7tuwrn.bar
2026-07-09T02:00:01+02:00,2026-07-09,volleyball,6,UPVL. Nations League,Norway (Pro),Germany (Pro),734449918,348648638,2026-07-09T11:40:00+00:00,1.95,,1.8,1XBET_PUBLIC_LINEFEED,https://q1ayxwi7tuwrn.bar
2026-07-09T02:00:01+02:00,2026-07-09,volleyball,6,Orange Cup,Sparta (4x4),Volna (4x4),734892474,349208500,2026-07-09T12:00:00+00:00,1.7,,2.08,1XBET_PUBLIC_LINEFEED,https://q1ayxwi7tuwrn.bar
2026-07-09T02:00:01+02:00,2026-07-09,volleyball,6,Belarus. Liga Pro 4x4,Storm-Pro (4x4),Varyagi-Pro (4x4),734953908,349264176,2026-07-09T12:25:00+00:00,1.95,,1.75,1XBET_PUBLIC_LINEFEED,https://q1ayxwi7tuwrn.bar
2026-07-09T02:00:01+02:00,2026-07-09,volleyball,6,FIVB Nations League. Women,China (Women),Ukraine (Women),734996233,349309508,2026-07-09T12:30:00+00:00,1.179,,4.38,1XBET_PUBLIC_LINEFEED,https://q1ayxwi7tuwrn.bar
2026-07-09T02:00:01+02:00,2026-07-09,volleyball,6,UPVL. Nations League,Spain (Pro),Norway (Pro),734449919,348648678,2026-07-09T12:40:00+00:00,1.84,,1.9,1XBET_PUBLIC_LINEFEED,https://q1ayxwi7tuwrn.bar
2026-07-09T02:00:01+02:00,2026-07-09,volleyball,6,Belarus. Liga Pro 4x4,Thayfun-Pro (4x4),Gladiatory-Pro (4x4),734953910,349264178,2026-07-09T13:05:00+00:00,1.95,,1.75,1XBET_PUBLIC_LINEFEED,https://q1ayxwi7tuwrn.bar
2026-07-09T02:00:01+02:00,2026-07-09,volleyball,6,Orange Cup,Stroitel (4x4),Uran (4x4),734892475,349208492,2026-07-09T14:00:00+00:00,1.7,,2.08,1XBET_PUBLIC_LINEFEED,https://q1ayxwi7tuwrn.bar
2026-07-09T02:00:01+02:00,2026-07-09,volleyball,6,FIVB Nations League. Women,Czech Republic (Women),Netherlands (Women),734996225,349309512,2026-07-09T14:30:00+00:00,2.928,,1.36,1XBET_PUBLIC_LINEFEED,https://q1ayxwi7tuwrn.bar
2026-07-09T02:00:01+02:00,2026-07-09,volleyball,6,Orange Cup,Cement (4x4),Sokol (4x4),734892476,349208522,2026-07-09T16:00:00+00:00,2.08,,1.7,1XBET_PUBLIC_LINEFEED,https://q1ayxwi7tuwrn.bar
2026-07-09T02:00:01+02:00,2026-07-09,volleyball,6,UPVL. Nations League,USA (Pro),Australia (Pro),734449920,348648644,2026-07-09T17:40:00+00:00,2.03,,1.73,1XBET_PUBLIC_LINEFEED,https://q1ayxwi7tuwrn.bar
2026-07-09T02:00:01+02:00,2026-07-09,volleyball,6,FIVB Nations League. Women,Serbia (Women),France (Women),734996229,349309516,2026-07-09T18:00:00+00:00,1.101,,5.7,1XBET_PUBLIC_LINEFEED,https://q1ayxwi7tuwrn.bar
2026-07-09T02:00:01+02:00,2026-07-09,volleyball,6,Orange Cup,Sputnik (4x4),Astoria (4x4),734892477,349208494,2026-07-09T18:00:00+00:00,2.08,,1.7,1XBET_PUBLIC_LINEFEED,https://q1ayxwi7tuwrn.bar
2026-07-09T02:00:01+02:00,2026-07-09,volleyball,6,UPVL. Nations League,Brazil (Pro),USA (Pro),734450295,348648670,2026-07-09T18:40:00+00:00,1.77,,1.98,1XBET_PUBLIC_LINEFEED,https://q1ayxwi7tuwrn.bar
2026-07-09T02:00:01+02:00,2026-07-09,volleyball,6,UPVL. Nations League,Australia (Pro),Brazil (Pro),734450296,348648624,2026-07-09T19:40:00+00:00,1.87,,1.87,1XBET_PUBLIC_LINEFEED,https://q1ayxwi7tuwrn.bar
2026-07-09T02:00:01+02:00,2026-07-09,volleyball,6,Orange Cup,Travers (4x4),Molniya (4x4),734892752,349208496,2026-07-09T20:00:00+00:00,1.7,,2.08,1XBET_PUBLIC_LINEFEED,https://q1ayxwi7tuwrn.bar
2026-07-09T02:00:01+02:00,2026-07-09,baseball,5,USA. MLB,Los Angeles Dodgers,Colorado Rockies,734785358,349002374,2026-07-09T02:10:00+00:00,1.396,,3.285,1XBET_PUBLIC_LINEFEED,https://q1ayxwi7tuwrn.bar
2026-07-09T02:00:01+02:00,2026-07-09,baseball,5,USA. MLB,San Diego Padres,Arizona Diamondbacks,734785354,349000032,2026-07-09T02:10:00+00:00,1.743,,2.238,1XBET_PUBLIC_LINEFEED,https://q1ayxwi7tuwrn.bar
2026-07-09T02:00:01+02:00,2026-07-09,baseball,5,KBO. South Korea,Doosan Bears,SSG Landers,734946377,349247400,2026-07-09T09:30:00+00:00,1.718,,2.255,1XBET_PUBLIC_LINEFEED,https://q1ayxwi7tuwrn.bar
2026-07-09T02:00:01+02:00,2026-07-09,baseball,5,KBO. South Korea,Hanwha Eagles,NC Dinos,734946389,349247398,2026-07-09T09:30:00+00:00,1.982,,1.919,1XBET_PUBLIC_LINEFEED,https://q1ayxwi7tuwrn.bar
2026-07-09T02:00:01+02:00,2026-07-09,baseball,5,KBO. South Korea,KT Wiz,Kiwoom Heroes,734946385,349247412,2026-07-09T09:30:00+00:00,1.655,,2.372,1XBET_PUBLIC_LINEFEED,https://q1ayxwi7tuwrn.bar
2026-07-09T02:00:01+02:00,2026-07-09,baseball,5,KBO. South Korea,Lotte Giants,KIA Tigers,734946381,349247396,2026-07-09T09:30:00+00:00,2.084,,1.832,1XBET_PUBLIC_LINEFEED,https://q1ayxwi7tuwrn.bar
2026-07-09T02:00:01+02:00,2026-07-09,baseball,5,KBO. South Korea,Samsung Lions,LG Twins,734946373,349247394,2026-07-09T09:30:00+00:00,2.109,,1.813,1XBET_PUBLIC_LINEFEED,https://q1ayxwi7tuwrn.bar
2026-07-09T02:00:01+02:00,2026-07-09,baseball,5,KBO. South Korea,Home (Runs),Away (Runs),734998733,349264536,2026-07-09T09:30:00+00:00,2.02,13.0,1.8,1XBET_PUBLIC_LINEFEED,https://q1ayxwi7tuwrn.bar
2026-07-09T02:00:01+02:00,2026-07-09,baseball,5,Japan. NPB,Hiroshima Toyo Carp,Tokyo Yakult Swallows,734946401,349249560,2026-07-09T09:00:00+00:00,1.618,,2.391,1XBET_PUBLIC_LINEFEED,https://q1ayxwi7tuwrn.bar
2026-07-09T02:00:01+02:00,2026-07-09,baseball,5,Japan. NPB,Yomiuri Giants,Hanshin Tigers,734946393,349249562,2026-07-09T09:00:00+00:00,2.18,,1.731,1XBET_PUBLIC_LINEFEED,https://q1ayxwi7tuwrn.bar
2026-07-09T02:00:01+02:00,2026-07-09,baseball,5,Japan. NPB,Yokohama DeNA BayStars,Chunichi Dragons,734946397,349249570,2026-07-09T09:15:00+00:00,1.649,,2.327,1XBET_PUBLIC_LINEFEED,https://q1ayxwi7tuwrn.bar
2026-07-09T02:00:01+02:00,2026-07-09,baseball,5,Japan. NPB,Home (Runs),Away (Runs),734998732,349264538,2026-07-09T09:00:00+00:00,1.88,13.0,2.0,1XBET_PUBLIC_LINEFEED,https://q1ayxwi7tuwrn.bar
2026-07-09T02:00:01+02:00,2026-07-09,baseball,5,Minor League Baseball,Amarillo Sod Poodles,Arkansas Travelers,735013016,349329330,2026-07-09T00:05:00+00:00,1.929,,1.795,1XBET_PUBLIC_LINEFEED,https://q1ayxwi7tuwrn.bar
2026-07-09T02:00:01+02:00,2026-07-09,baseball,5,Minor League Baseball,Wichita Wind Surge,Northwest Arkansas Naturals,735013008,349329394,2026-07-09T00:05:00+00:00,1.881,,1.839,1XBET_PUBLIC_LINEFEED,https://q1ayxwi7tuwrn.bar
2026-07-09T02:00:01+02:00,2026-07-09,baseball,5,Mexico. LMB,Tecolotes de los Dos Laredos,Acereros de Monclova,734971199,349278194,2026-07-09T00:30:00+00:00,1.98,,1.74,1XBET_PUBLIC_LINEFEED,https://q1ayxwi7tuwrn.bar
2026-07-09T02:00:01+02:00,2026-07-09,baseball,5,Mexico. LMB,Dorados de Chihuahua,Algodoneros Union Laguna,734946947,349253156,2026-07-09T01:00:00+00:00,2.182,,1.62,1XBET_PUBLIC_LINEFEED,https://q1ayxwi7tuwrn.bar
2026-07-09T02:00:01+02:00,2026-07-09,baseball,5,Mexico. LMB,Queretaro,Tigres de Quintana Roo,734946959,349253136,2026-07-09T01:00:00+00:00,1.81,,1.89,1XBET_PUBLIC_LINEFEED,https://q1ayxwi7tuwrn.bar
2026-07-09T02:00:01+02:00,2026-07-09,baseball,5,Mexico. LMB,Rojos del Aguila de Veracruz,Guerreros de Oaxaca,734956480,349264540,2026-07-09T01:00:00+00:00,2.06,,1.68,1XBET_PUBLIC_LINEFEED,https://q1ayxwi7tuwrn.bar
2026-07-09T02:00:01+02:00,2026-07-09,baseball,5,Mexico. LMB,Bravos de Leon,Pericos de Puebla,734946951,349253148,2026-07-09T01:30:00+00:00,1.84,,1.86,1XBET_PUBLIC_LINEFEED,https://q1ayxwi7tuwrn.bar
2026-07-09T02:00:01+02:00,2026-07-09,baseball,5,Mexico. LMB,Charros de Jalisco,Sultanes de Monterrey,734946967,349253146,2026-07-09T01:30:00+00:00,1.88,,1.82,1XBET_PUBLIC_LINEFEED,https://q1ayxwi7tuwrn.bar
2026-07-09T02:00:01+02:00,2026-07-09,baseball,5,Mexico. LMB,Leones de Yucatan,Piratas de Campeche,734946943,349253140,2026-07-09T01:30:00+00:00,1.89,,1.81,1XBET_PUBLIC_LINEFEED,https://q1ayxwi7tuwrn.bar
2026-07-09T02:00:01+02:00,2026-07-09,baseball,5,Mexico. LMB,Los Rieleros de Aguascalientes,Toros de Tijuana,734946955,349253142,2026-07-09T01:30:00+00:00,2.307,,1.56,1XBET_PUBLIC_LINEFEED,https://q1ayxwi7tuwrn.bar
2026-07-09T02:00:01+02:00,2026-07-09,baseball,5,Mexico. LMB,Olmecas de Tabasco,Diablos Rojos del Mexico,734946963,349253138,2026-07-09T01:30:00+00:00,2.163,,1.63,1XBET_PUBLIC_LINEFEED,https://q1ayxwi7tuwrn.bar
2026-07-09T02:00:01+02:00,2026-07-09,baseball,5,Minor League Baseball,Sacramento River Cats,Salt Lake Bees,734968433,349273296,2026-07-09T01:45:00+00:00,1.83,,1.891,1XBET_PUBLIC_LINEFEED,https://q1ayxwi7tuwrn.bar
2026-07-09T02:00:01+02:00,2026-07-09,baseball,5,Minor League Baseball,Las Vegas Aviators,Tacoma Rainiers,734968445,349273292,2026-07-09T02:05:00+00:00,1.83,,1.891,1XBET_PUBLIC_LINEFEED,https://q1ayxwi7tuwrn.bar
2026-07-09T02:00:01+02:00,2026-07-09,baseball,5,Chinese Taipei. CPBL,Wei Chuan Dragons,TSG Hawks,734995253,349303820,2026-07-09T10:35:00+00:00,1.783,,2.08,1XBET_PUBLIC_LINEFEED,https://q1ayxwi7tuwrn.bar
2026-07-09T02:00:01+02:00,2026-07-09,baseball,5,USA. MLB,Pittsburgh Pirates,Atlanta Braves,734978518,349289594,2026-07-09T16:35:00+00:00,2.069,,1.862,1XBET_PUBLIC_LINEFEED,https://q1ayxwi7tuwrn.bar
2026-07-09T02:00:01+02:00,2026-07-09,baseball,5,USA. MLB,New York Mets,Kansas City Royals,734979731,349290784,2026-07-09T17:10:00+00:00,1.722,,2.273,1XBET_PUBLIC_LINEFEED,https://q1ayxwi7tuwrn.bar
2026-07-09T02:00:01+02:00,2026-07-09,baseball,5,USA. MLB,Minnesota Twins,Cleveland Guardians,734985221,349296870,2026-07-09T17:40:00+00:00,2.172,,1.786,1XBET_PUBLIC_LINEFEED,https://q1ayxwi7tuwrn.bar
2026-07-09T02:00:01+02:00,2026-07-09,baseball,5,USA. MLB,Chicago White Sox,Boston Red Sox,734984470,349296874,2026-07-09T18:10:00+00:00,1.862,,2.069,1XBET_PUBLIC_LINEFEED,https://q1ayxwi7tuwrn.bar
2026-07-09T02:00:01+02:00,2026-07-09,baseball,5,USA. MLB,Baltimore Orioles,Chicago Cubs,734984466,349296872,2026-07-09T22:35:00+00:00,1.786,,2.172,1XBET_PUBLIC_LINEFEED,https://q1ayxwi7tuwrn.bar
2026-07-09T02:00:01+02:00,2026-07-09,baseball,5,USA. MLB,Detroit Tigers,Athletics,734984468,349297062,2026-07-09T22:40:00+00:00,1.722,,2.273,1XBET_PUBLIC_LINEFEED,https://q1ayxwi7tuwrn.bar
2026-07-09T02:00:01+02:00,2026-07-09,baseball,5,USA. MLB,Miami Marlins,Seattle Mariners,735005026,349321678,2026-07-09T22:40:00+00:00,2.273,,1.722,1XBET_PUBLIC_LINEFEED,https://q1ayxwi7tuwrn.bar
2026-07-09T02:00:01+02:00,2026-07-09,baseball,5,USA. MLB,Cincinnati Reds,Philadelphia Phillies,734983328,349297036,2026-07-09T23:10:00+00:00,2.461,,1.628,1XBET_PUBLIC_LINEFEED,https://q1ayxwi7tuwrn.bar
2026-07-09T02:00:01+02:00,2026-07-09,baseball,5,USA. MLB,St.Louis Cardinals,Milwaukee Brewers,734977284,349288902,2026-07-09T23:45:00+00:00,2.069,,1.862,1XBET_PUBLIC_LINEFEED,https://q1ayxwi7tuwrn.bar
2026-07-09T02:00:01+02:00,2026-07-09,cricket,66,USA. Major League,MI New York,San Francisco Unicorns,734485167,348554946,2026-07-09T00:30:00+00:00,1.914,25.0,1.914,1XBET_PUBLIC_LINEFEED,https://q1ayxwi7tuwrn.bar
2026-07-09T02:00:01+02:00,2026-07-09,cricket,66,Sri Lanka U19 vs India U19,Sri Lanka U19,India U19,734473589,348674756,2026-07-09T04:00:00+00:00,2.507,50.0,1.512,1XBET_PUBLIC_LINEFEED,https://q1ayxwi7tuwrn.bar
2026-07-09T02:00:01+02:00,2026-07-09,cricket,66,Afghanistan. Shpageeza League,Boost Defenders,Speenghar Tigers,734911558,349216048,2026-07-09T04:30:00+00:00,2.699,25.0,1.483,1XBET_PUBLIC_LINEFEED,https://q1ayxwi7tuwrn.bar
2026-07-09T02:00:01+02:00,2026-07-09,cricket,66,Uganda. Nile Super,Budondo Turacos,Kimaka Kingfishers,734934796,349241396,2026-07-09T05:30:00+00:00,3.01,25.0,1.352,1XBET_PUBLIC_LINEFEED,https://q1ayxwi7tuwrn.bar
2026-07-09T02:00:01+02:00,2026-07-09,cricket,66,Uganda. Nile Super,Masese Hornbills,Bugembe Pelicans,734934795,349241394,2026-07-09T07:30:00+00:00,2.758,25.0,1.402,1XBET_PUBLIC_LINEFEED,https://q1ayxwi7tuwrn.bar
2026-07-09T02:00:01+02:00,2026-07-09,cricket,66,Zimbabwe vs Bangladesh,Zimbabwe,Bangladesh,734485536,348683918,2026-07-09T07:30:00+00:00,2.181,50.0,1.673,1XBET_PUBLIC_LINEFEED,https://q1ayxwi7tuwrn.bar
2026-07-09T02:00:01+02:00,2026-07-09,cricket,66,India. Pondicherry Premier League,Ruby White Town Legends,Villianur Mohit Kings,734935573,349235352,2026-07-09T08:30:00+00:00,2.664,25.0,1.481,1XBET_PUBLIC_LINEFEED,https://q1ayxwi7tuwrn.bar
2026-07-09T02:00:01+02:00,2026-07-09,cricket,66,T20 World Cup. 2028. Qualification,Denmark,Turkey,734909647,349214368,2026-07-09T08:30:00+00:00,1.121,25.0,6.29,1XBET_PUBLIC_LINEFEED,https://q1ayxwi7tuwrn.bar
2026-07-09T02:00:01+02:00,2026-07-09,cricket,66,India. Telangana League,Karimnagar Diamonds,Ranga Reddy Risers,734915174,349141538,2026-07-09T08:45:00+00:00,1.763,25.0,2.044,1XBET_PUBLIC_LINEFEED,https://q1ayxwi7tuwrn.bar
2026-07-09T02:00:01+02:00,2026-07-09,cricket,66,Afghanistan. Shpageeza League,Band-e-Amir Dragons,Mis Ainak Knights,734916597,349221306,2026-07-09T09:30:00+00:00,2.44,25.0,1.574,1XBET_PUBLIC_LINEFEED,https://q1ayxwi7tuwrn.bar
2026-07-09T02:00:01+02:00,2026-07-09,cricket,66,Second XI Friendly,Hampshire 2nd XI,Surrey 2nd XI,734905588,349209730,2026-07-09T09:30:00+00:00,1.703,50.0,2.004,1XBET_PUBLIC_LINEFEED,https://q1ayxwi7tuwrn.bar
2026-07-09T02:00:01+02:00,2026-07-09,cricket,66,Ireland. Inter Provincial Cup,Leinster Lightning,North West Warriors,734964249,349218388,2026-07-09T09:45:00+00:00,1.495,50.0,2.582,1XBET_PUBLIC_LINEFEED,https://q1ayxwi7tuwrn.bar
2026-07-09T02:00:01+02:00,2026-07-09,cricket,66,India. Hospital Premier League,Thunder Hurricanes,Livyoung Clinics,734898410,349199996,2026-07-09T12:00:00+00:00,1.603,25.0,2.185,1XBET_PUBLIC_LINEFEED,https://q1ayxwi7tuwrn.bar
2026-07-09T02:00:01+02:00,2026-07-09,cricket,66,Pakistan. Champions League,Pindi Tigers,Khyber Bulls,734982591,349296152,2026-07-09T12:00:00+00:00,1.553,25.0,2.346,1XBET_PUBLIC_LINEFEED,https://q1ayxwi7tuwrn.bar
2026-07-09T02:00:01+02:00,2026-07-09,cricket,66,India. Pondicherry Premier League,Mahe Megalo Strikers,Genid Royals,734926432,349232388,2026-07-09T12:30:00+00:00,2.439,25.0,1.561,1XBET_PUBLIC_LINEFEED,https://q1ayxwi7tuwrn.bar
2026-07-09T02:00:01+02:00,2026-07-09,cricket,66,T20 World Cup. 2028. Qualification,Estonia,Norway,734974157,349286464,2026-07-09T13:30:00+00:00,4.395,25.0,1.215,1XBET_PUBLIC_LINEFEED,https://q1ayxwi7tuwrn.bar
2026-07-09T02:00:01+02:00,2026-07-09,cricket,66,India. Telangana League,Hyderabad E-Champions,Anvita Khammam Aces,734920253,349147946,2026-07-09T13:45:00+00:00,1.522,25.0,2.507,1XBET_PUBLIC_LINEFEED,https://q1ayxwi7tuwrn.bar
2026-07-09T02:00:01+02:00,2026-07-09,cricket,66,India. Hospital Premier League,Wildfires,Eternals XI,734900806,349203080,2026-07-09T15:30:00+00:00,1.954,25.0,1.753,1XBET_PUBLIC_LINEFEED,https://q1ayxwi7tuwrn.bar
2026-07-09T02:00:01+02:00,2026-07-09,cricket,66,Pakistan. Champions League,Bahawalpur Stallions,Multan Panthers,734982592,349296154,2026-07-09T16:00:00+00:00,1.834,25.0,1.904,1XBET_PUBLIC_LINEFEED,https://q1ayxwi7tuwrn.bar
2026-07-09T02:00:01+02:00,2026-07-09,cricket,66,England vs India,England,India,734761729,349015954,2026-07-09T16:30:00+00:00,1.773,25.0,2.078,1XBET_PUBLIC_LINEFEED,https://q1ayxwi7tuwrn.bar
2026-07-09T02:00:01+02:00,2026-07-09,cricket,66,Kuwait. Falcons Super League,Cochin Hurricanes,Tally Rangers,735020326,349342050,2026-07-09T16:30:00+00:00,2.205,25.0,1.618,1XBET_PUBLIC_LINEFEED,https://q1ayxwi7tuwrn.bar
2026-07-09T02:00:01+02:00,2026-07-09,cricket,66,Kuwait. Falcons Super League,Artech,Kuwait Swedish,735020325,349342052,2026-07-09T19:45:00+00:00,1.536,25.0,2.381,1XBET_PUBLIC_LINEFEED,https://q1ayxwi7tuwrn.bar
2026-07-09T02:00:01+02:00,2026-07-09,futsal,14,Argentina Championship,Estrella de Boedo,17 de Agosto,734890188,349190088,2026-07-09T00:00:00+00:00,2.867,4.15,1.96,1XBET_PUBLIC_LINEFEED,https://q1ayxwi7tuwrn.bar
2026-07-09T02:00:01+02:00,2026-07-09,futsal,14,Argentina Championship,Glorias de Tigre,Jorge Newbery,734890185,349190090,2026-07-09T01:00:00+00:00,2.28,4.3,2.28,1XBET_PUBLIC_LINEFEED,https://q1ayxwi7tuwrn.bar
2026-07-09T02:00:01+02:00,2026-07-09,futsal,14,Argentina Championship,Pinocho,America del Sud,734887438,349187566,2026-07-09T01:00:00+00:00,2.3,4.0,2.3,1XBET_PUBLIC_LINEFEED,https://q1ayxwi7tuwrn.bar
2026-07-09T02:00:01+02:00,2026-07-09,darts,21,Modus Super Series. 2026,John O'Shea,Devon Petersen,735010240,349289590,2026-07-09T12:10:00+00:00,1.33,,3.05,1XBET_PUBLIC_LINEFEED,https://q1ayxwi7tuwrn.bar
2026-07-09T02:00:01+02:00,2026-07-09,darts,21,Modus Super Series. 2026,Kevin Painter,Adrian Gray,735010236,349289592,2026-07-09T12:30:00+00:00,2.098,,1.66,1XBET_PUBLIC_LINEFEED,https://q1ayxwi7tuwrn.bar
2026-07-09T02:00:01+02:00,2026-07-09,darts,21,Modus Super Series. 2026,James Marcroft,Meinte Hibma,735012576,349312640,2026-07-09T12:45:00+00:00,2.474,,1.48,1XBET_PUBLIC_LINEFEED,https://q1ayxwi7tuwrn.bar
2026-07-09T02:00:01+02:00,2026-07-09,darts,21,Modus Super Series. 2026,Devon Petersen,Kevin Painter,735010241,349289574,2026-07-09T13:05:00+00:00,1.84,,1.84,1XBET_PUBLIC_LINEFEED,https://q1ayxwi7tuwrn.bar
2026-07-09T02:00:01+02:00,2026-07-09,darts,21,Modus Super Series. 2026,Meinte Hibma,John O'Shea,735010243,349289572,2026-07-09T13:20:00+00:00,1.82,,1.86,1XBET_PUBLIC_LINEFEED,https://q1ayxwi7tuwrn.bar
2026-07-09T02:00:01+02:00,2026-07-09,darts,21,Modus Super Series. 2026,Adrian Gray,James Marcroft,735012575,349312650,2026-07-09T13:40:00+00:00,1.454,,2.545,1XBET_PUBLIC_LINEFEED,https://q1ayxwi7tuwrn.bar
2026-07-09T02:00:01+02:00,2026-07-09,darts,21,Modus Super Series. 2026,Devon Petersen,Meinte Hibma,735010242,349289576,2026-07-09T13:55:00+00:00,2.624,,1.43,1XBET_PUBLIC_LINEFEED,https://q1ayxwi7tuwrn.bar
2026-07-09T02:00:01+02:00,2026-07-09,darts,21,Modus Super Series. 2026,Kevin Painter,James Marcroft,735012577,349289588,2026-07-09T14:15:00+00:00,1.72,,1.98,1XBET_PUBLIC_LINEFEED,https://q1ayxwi7tuwrn.bar
2026-07-09T02:00:01+02:00,2026-07-09,darts,21,Modus Super Series. 2026,John O'Shea,Adrian Gray,735010237,349289582,2026-07-09T14:30:00+00:00,1.59,,2.215,1XBET_PUBLIC_LINEFEED,https://q1ayxwi7tuwrn.bar
2026-07-09T02:00:01+02:00,2026-07-09,darts,21,Modus Super Series. 2026,Meinte Hibma,Kevin Painter,735010239,349289580,2026-07-09T14:50:00+00:00,1.42,,2.655,1XBET_PUBLIC_LINEFEED,https://q1ayxwi7tuwrn.bar
2026-07-09T02:00:01+02:00,2026-07-09,darts,21,Modus Super Series. 2026,Adrian Gray,Devon Petersen,735010802,349289586,2026-07-09T15:05:00+00:00,1.42,,2.655,1XBET_PUBLIC_LINEFEED,https://q1ayxwi7tuwrn.bar
2026-07-09T02:00:01+02:00,2026-07-09,darts,21,Modus Super Series. 2026,James Marcroft,John O'Shea,735012578,349312642,2026-07-09T15:25:00+00:00,2.655,,1.42,1XBET_PUBLIC_LINEFEED,https://q1ayxwi7tuwrn.bar
2026-07-09T02:00:01+02:00,2026-07-09,darts,21,Modus Super Series. 2026,Adrian Gray,Meinte Hibma,735010801,349289578,2026-07-09T15:40:00+00:00,1.71,,1.99,1XBET_PUBLIC_LINEFEED,https://q1ayxwi7tuwrn.bar
2026-07-09T02:00:01+02:00,2026-07-09,darts,21,Modus Super Series. 2026,John O'Shea,Kevin Painter,735010800,349289584,2026-07-09T16:00:00+00:00,1.37,,2.853,1XBET_PUBLIC_LINEFEED,https://q1ayxwi7tuwrn.bar
2026-07-09T02:00:01+02:00,2026-07-09,darts,21,Modus Super Series. 2026,Devon Petersen,James Marcroft,735012579,349312644,2026-07-09T16:20:00+00:00,1.84,,1.84,1XBET_PUBLIC_LINEFEED,https://q1ayxwi7tuwrn.bar
2026-07-09T02:00:01+02:00,2026-07-09,darts,21,Modus Super Series. 2026,Ron Meulenkamp,Carl Wilson,735011715,349298712,2026-07-09T21:10:00+00:00,1.58,,2.234,1XBET_PUBLIC_LINEFEED,https://q1ayxwi7tuwrn.bar
2026-07-09T02:00:01+02:00,2026-07-09,darts,21,Modus Super Series. 2026,Richie Burnett,Scott Taylor,735011716,349298716,2026-07-09T21:30:00+00:00,3.15,,1.31,1XBET_PUBLIC_LINEFEED,https://q1ayxwi7tuwrn.bar
2026-07-09T02:00:01+02:00,2026-07-09,darts,21,Modus Super Series. 2026,Lee Evans,Ron Meulenkamp,735011719,349312646,2026-07-09T21:45:00+00:00,1.84,,1.84,1XBET_PUBLIC_LINEFEED,https://q1ayxwi7tuwrn.bar
2026-07-09T02:00:01+02:00,2026-07-09,darts,21,Modus Super Series. 2026,Carl Wilson,Richie Burnett,735011718,349298718,2026-07-09T22:05:00+00:00,1.2,,4.05,1XBET_PUBLIC_LINEFEED,https://q1ayxwi7tuwrn.bar
2026-07-09T02:00:01+02:00,2026-07-09,darts,21,Modus Super Series. 2026,Scott Taylor,Lee Evans,735011721,349312652,2026-07-09T22:20:00+00:00,1.84,,1.84,1XBET_PUBLIC_LINEFEED,https://q1ayxwi7tuwrn.bar
2026-07-09T02:00:01+02:00,2026-07-09,darts,21,Modus Super Series. 2026,Ron Meulenkamp,Richie Burnett,735011720,349298722,2026-07-09T22:40:00+00:00,1.135,,4.85,1XBET_PUBLIC_LINEFEED,https://q1ayxwi7tuwrn.bar
2026-07-09T02:00:01+02:00,2026-07-09,darts,21,Modus Super Series. 2026,Carl Wilson,Scott Taylor,735011722,349298714,2026-07-09T22:55:00+00:00,1.666,,2.05,1XBET_PUBLIC_LINEFEED,https://q1ayxwi7tuwrn.bar
2026-07-09T02:00:01+02:00,2026-07-09,darts,21,Modus Super Series. 2026,Richie Burnett,Lee Evans,735011723,349312648,2026-07-09T23:15:00+00:00,3.645,,1.24,1XBET_PUBLIC_LINEFEED,https://q1ayxwi7tuwrn.bar
2026-07-09T02:00:01+02:00,2026-07-09,darts,21,Modus Super Series. 2026,Scott Taylor,Ron Meulenkamp,735011717,349298720,2026-07-09T23:30:00+00:00,2.05,,1.666,1XBET_PUBLIC_LINEFEED,https://q1ayxwi7tuwrn.bar
2026-07-09T02:00:01+02:00,2026-07-09,darts,21,Modus Super Series. 2026,Lee Evans,Carl Wilson,735011724,349339100,2026-07-09T23:50:00+00:00,1.68,,2.06,1XBET_PUBLIC_LINEFEED,https://q1ayxwi7tuwrn.bar
2026-07-09T02:00:01+02:00,2026-07-09,snooker,30,Championship League,Zak Surety,Gong Chenzhi,735007954,349322452,2026-07-09T10:00:00+00:00,2.02,3.04,3.755,1XBET_PUBLIC_LINEFEED,https://q1ayxwi7tuwrn.bar
2026-07-09T02:00:01+02:00,2026-07-09,snooker,30,Championship League,Zhao Xintong,Simon Blackwell,735023094,349344446,2026-07-09T10:00:00+00:00,1.15,7.2,11.0,1XBET_PUBLIC_LINEFEED,https://q1ayxwi7tuwrn.bar
2026-07-09T02:00:01+02:00,2026-07-09,snooker,30,Championship League,David Grace,Gao Yang,735007952,349322448,2026-07-09T11:00:00+00:00,3.15,2.86,2.36,1XBET_PUBLIC_LINEFEED,https://q1ayxwi7tuwrn.bar
2026-07-09T02:00:01+02:00,2026-07-09,snooker,30,Championship League,Matthew Selt,Andrew Higginson,735007953,349325896,2026-07-09T11:00:00+00:00,1.88,3.125,4.205,1XBET_PUBLIC_LINEFEED,https://q1ayxwi7tuwrn.bar
